// Generated by tools/make_vlw_font.py from Sarabun-Regular.ttf at 13 px - do not edit.
// Font: Sarabun (SIL Open Font License 1.1, see firmware/stackchan/fonts/OFL.txt)
#include "thai_font.h"

const size_t thai_font_vlw_len = 17273;
const uint8_t thai_font_vlw[] PROGMEM = {
  0x00, 0x00, 0x00, 0xd9, 0x00, 0x00, 0x00, 0x0b, 0x00, 0x00, 0x00, 0x0d, 0x00, 0x00, 0x00, 0x00, 0x00, 0x00, 0x00, 0x0a,
  0x00, 0x00, 0x00, 0x03, 0x00, 0x00, 0x00, 0x20, 0x00, 0x00, 0x00, 0x00, 0x00, 0x00, 0x00, 0x00, 0x00, 0x00, 0x00, 0x03,
  0x00, 0x00, 0x00, 0x00, 0x00, 0x00, 0x00, 0x00, 0x00, 0x00, 0x00, 0x00, 0x00, 0x00, 0x00, 0x21, 0x00, 0x00, 0x00, 0x0a,
  0x00, 0x00, 0x00, 0x02, 0x00, 0x00, 0x00, 0x03, 0x00, 0x00, 0x00, 0x0a, 0x00, 0x00, 0x00, 0x01, 0x00, 0x00, 0x00, 0x00,
  0x00, 0x00, 0x00, 0x22, 0x00, 0x00, 0x00, 0x03, 0x00, 0x00, 0x00, 0x04, 0x00, 0x00, 0x00, 0x05, 0x00, 0x00, 0x00, 0x0a,
  0x00, 0x00, 0x00, 0x00, 0x00, 0x00, 0x00, 0x00, 0x00, 0x00, 0x00, 0x23, 0x00, 0x00, 0x00, 0x0a, 0x00, 0x00, 0x00, 0x09,
  0x00, 0x00, 0x00, 0x09, 0x00, 0x00, 0x00, 0x0a, 0x00, 0x00, 0x00, 0x00, 0x00, 0x00, 0x00, 0x00, 0x00, 0x00, 0x00, 0x24,
  0x00, 0x00, 0x00, 0x0c, 0x00, 0x00, 0x00, 0x06, 0x00, 0x00, 0x00, 0x06, 0x00, 0x00, 0x00, 0x0b, 0x00, 0x00, 0x00, 0x00,
  0x00, 0x00, 0x00, 0x00, 0x00, 0x00, 0x00, 0x25, 0x00, 0x00, 0x00, 0x0a, 0x00, 0x00, 0x00, 0x0b, 0x00, 0x00, 0x00, 0x0c,
  0x00, 0x00, 0x00, 0x0a, 0x00, 0x00, 0x00, 0x00, 0x00, 0x00, 0x00, 0x00, 0x00, 0x00, 0x00, 0x26, 0x00, 0x00, 0x00, 0x0b,
  0x00, 0x00, 0x00, 0x09, 0x00, 0x00, 0x00, 0x09, 0x00, 0x00, 0x00, 0x0a, 0x00, 0x00, 0x00, 0x00, 0x00, 0x00, 0x00, 0x00,
  0x00, 0x00, 0x00, 0x27, 0x00, 0x00, 0x00, 0x03, 0x00, 0x00, 0x00, 0x02, 0x00, 0x00, 0x00, 0x03, 0x00, 0x00, 0x00, 0x0a,
  0x00, 0x00, 0x00, 0x00, 0x00, 0x00, 0x00, 0x00, 0x00, 0x00, 0x00, 0x28, 0x00, 0x00, 0x00, 0x0b, 0x00, 0x00, 0x00, 0x04,
  0x00, 0x00, 0x00, 0x04, 0x00, 0x00, 0x00, 0x0a, 0x00, 0x00, 0x00, 0x00, 0x00, 0x00, 0x00, 0x00, 0x00, 0x00, 0x00, 0x29,
  0x00, 0x00, 0x00, 0x0b, 0x00, 0x00, 0x00, 0x04, 0x00, 0x00, 0x00, 0x05, 0x00, 0x00, 0x00, 0x0a, 0x00, 0x00, 0x00, 0x00,
  0x00, 0x00, 0x00, 0x00, 0x00, 0x00, 0x00, 0x2a, 0x00, 0x00, 0x00, 0x06, 0x00, 0x00, 0x00, 0x06, 0x00, 0x00, 0x00, 0x06,
  0x00, 0x00, 0x00, 0x0b, 0x00, 0x00, 0x00, 0x00, 0x00, 0x00, 0x00, 0x00, 0x00, 0x00, 0x00, 0x2b, 0x00, 0x00, 0x00, 0x07,
  0x00, 0x00, 0x00, 0x07, 0x00, 0x00, 0x00, 0x08, 0x00, 0x00, 0x00, 0x07, 0x00, 0x00, 0x00, 0x01, 0x00, 0x00, 0x00, 0x00,
  0x00, 0x00, 0x00, 0x2c, 0x00, 0x00, 0x00, 0x05, 0x00, 0x00, 0x00, 0x02, 0x00, 0x00, 0x00, 0x04, 0x00, 0x00, 0x00, 0x02,
  0x00, 0x00, 0x00, 0x01, 0x00, 0x00, 0x00, 0x00, 0x00, 0x00, 0x00, 0x2d, 0x00, 0x00, 0x00, 0x01, 0x00, 0x00, 0x00, 0x04,
  0x00, 0x00, 0x00, 0x04, 0x00, 0x00, 0x00, 0x04, 0x00, 0x00, 0x00, 0x00, 0x00, 0x00, 0x00, 0x00, 0x00, 0x00, 0x00, 0x2e,
  0x00, 0x00, 0x00, 0x02, 0x00, 0x00, 0x00, 0x02, 0x00, 0x00, 0x00, 0x03, 0x00, 0x00, 0x00, 0x02, 0x00, 0x00, 0x00, 0x00,
  0x00, 0x00, 0x00, 0x00, 0x00, 0x00, 0x00, 0x2f, 0x00, 0x00, 0x00, 0x0b, 0x00, 0x00, 0x00, 0x07, 0x00, 0x00, 0x00, 0x05,
  0x00, 0x00, 0x00, 0x0a, 0xff, 0xff, 0xff, 0xff, 0x00, 0x00, 0x00, 0x00, 0x00, 0x00, 0x00, 0x30, 0x00, 0x00, 0x00, 0x0a,
  0x00, 0x00, 0x00, 0x07, 0x00, 0x00, 0x00, 0x07, 0x00, 0x00, 0x00, 0x0a, 0x00, 0x00, 0x00, 0x00, 0x00, 0x00, 0x00, 0x00,
  0x00, 0x00, 0x00, 0x31, 0x00, 0x00, 0x00, 0x0a, 0x00, 0x00, 0x00, 0x04, 0x00, 0x00, 0x00, 0x07, 0x00, 0x00, 0x00, 0x0a,
  0x00, 0x00, 0x00, 0x01, 0x00, 0x00, 0x00, 0x00, 0x00, 0x00, 0x00, 0x32, 0x00, 0x00, 0x00, 0x0a, 0x00, 0x00, 0x00, 0x07,
  0x00, 0x00, 0x00, 0x07, 0x00, 0x00, 0x00, 0x0a, 0x00, 0x00, 0x00, 0x00, 0x00, 0x00, 0x00, 0x00, 0x00, 0x00, 0x00, 0x33,
  0x00, 0x00, 0x00, 0x0a, 0x00, 0x00, 0x00, 0x06, 0x00, 0x00, 0x00, 0x07, 0x00, 0x00, 0x00, 0x0a, 0x00, 0x00, 0x00, 0x00,
  0x00, 0x00, 0x00, 0x00, 0x00, 0x00, 0x00, 0x34, 0x00, 0x00, 0x00, 0x0a, 0x00, 0x00, 0x00, 0x06, 0x00, 0x00, 0x00, 0x07,
  0x00, 0x00, 0x00, 0x0a, 0x00, 0x00, 0x00, 0x01, 0x00, 0x00, 0x00, 0x00, 0x00, 0x00, 0x00, 0x35, 0x00, 0x00, 0x00, 0x0a,
  0x00, 0x00, 0x00, 0x06, 0x00, 0x00, 0x00, 0x07, 0x00, 0x00, 0x00, 0x0a, 0x00, 0x00, 0x00, 0x00, 0x00, 0x00, 0x00, 0x00,
  0x00, 0x00, 0x00, 0x36, 0x00, 0x00, 0x00, 0x0a, 0x00, 0x00, 0x00, 0x07, 0x00, 0x00, 0x00, 0x07, 0x00, 0x00, 0x00, 0x0a,
  0x00, 0x00, 0x00, 0x00, 0x00, 0x00, 0x00, 0x00, 0x00, 0x00, 0x00, 0x37, 0x00, 0x00, 0x00, 0x0a, 0x00, 0x00, 0x00, 0x06,
  0x00, 0x00, 0x00, 0x07, 0x00, 0x00, 0x00, 0x0a, 0x00, 0x00, 0x00, 0x01, 0x00, 0x00, 0x00, 0x00, 0x00, 0x00, 0x00, 0x38,
  0x00, 0x00, 0x00, 0x0a, 0x00, 0x00, 0x00, 0x07, 0x00, 0x00, 0x00, 0x07, 0x00, 0x00, 0x00, 0x0a, 0x00, 0x00, 0x00, 0x00,
  0x00, 0x00, 0x00, 0x00, 0x00, 0x00, 0x00, 0x39, 0x00, 0x00, 0x00, 0x0a, 0x00, 0x00, 0x00, 0x07, 0x00, 0x00, 0x00, 0x07,
  0x00, 0x00, 0x00, 0x0a, 0x00, 0x00, 0x00, 0x00, 0x00, 0x00, 0x00, 0x00, 0x00, 0x00, 0x00, 0x3a, 0x00, 0x00, 0x00, 0x07,
  0x00, 0x00, 0x00, 0x02, 0x00, 0x00, 0x00, 0x03, 0x00, 0x00, 0x00, 0x07, 0x00, 0x00, 0x00, 0x00, 0x00, 0x00, 0x00, 0x00,
  0x00, 0x00, 0x00, 0x3b, 0x00, 0x00, 0x00, 0x0a, 0x00, 0x00, 0x00, 0x02, 0x00, 0x00, 0x00, 0x03, 0x00, 0x00, 0x00, 0x07,
  0x00, 0x00, 0x00, 0x00, 0x00, 0x00, 0x00, 0x00, 0x00, 0x00, 0x00, 0x3c, 0x00, 0x00, 0x00, 0x08, 0x00, 0x00, 0x00, 0x07,
  0x00, 0x00, 0x00, 0x08, 0x00, 0x00, 0x00, 0x08, 0x00, 0x00, 0x00, 0x01, 0x00, 0x00, 0x00, 0x00, 0x00, 0x00, 0x00, 0x3d,
  0x00, 0x00, 0x00, 0x04, 0x00, 0x00, 0x00, 0x08, 0x00, 0x00, 0x00, 0x08, 0x00, 0x00, 0x00, 0x06, 0x00, 0x00, 0x00, 0x00,
  0x00, 0x00, 0x00, 0x00, 0x00, 0x00, 0x00, 0x3e, 0x00, 0x00, 0x00, 0x08, 0x00, 0x00, 0x00, 0x07, 0x00, 0x00, 0x00, 0x08,
  0x00, 0x00, 0x00, 0x08, 0x00, 0x00, 0x00, 0x01, 0x00, 0x00, 0x00, 0x00, 0x00, 0x00, 0x00, 0x3f, 0x00, 0x00, 0x00, 0x0a,
  0x00, 0x00, 0x00, 0x05, 0x00, 0x00, 0x00, 0x05, 0x00, 0x00, 0x00, 0x0a, 0x00, 0x00, 0x00, 0x00, 0x00, 0x00, 0x00, 0x00,
  0x00, 0x00, 0x00, 0x40, 0x00, 0x00, 0x00, 0x0a, 0x00, 0x00, 0x00, 0x0a, 0x00, 0x00, 0x00, 0x0a, 0x00, 0x00, 0x00, 0x08,
  0x00, 0x00, 0x00, 0x00, 0x00, 0x00, 0x00, 0x00, 0x00, 0x00, 0x00, 0x41, 0x00, 0x00, 0x00, 0x0a, 0x00, 0x00, 0x00, 0x08,
  0x00, 0x00, 0x00, 0x08, 0x00, 0x00, 0x00, 0x0a, 0x00, 0x00, 0x00, 0x00, 0x00, 0x00, 0x00, 0x00, 0x00, 0x00, 0x00, 0x42,
  0x00, 0x00, 0x00, 0x0a, 0x00, 0x00, 0x00, 0x07, 0x00, 0x00, 0x00, 0x08, 0x00, 0x00, 0x00, 0x0a, 0x00, 0x00, 0x00, 0x00,
  0x00, 0x00, 0x00, 0x00, 0x00, 0x00, 0x00, 0x43, 0x00, 0x00, 0x00, 0x0a, 0x00, 0x00, 0x00, 0x08, 0x00, 0x00, 0x00, 0x08,
  0x00, 0x00, 0x00, 0x0a, 0x00, 0x00, 0x00, 0x00, 0x00, 0x00, 0x00, 0x00, 0x00, 0x00, 0x00, 0x44, 0x00, 0x00, 0x00, 0x0a,
  0x00, 0x00, 0x00, 0x07, 0x00, 0x00, 0x00, 0x08, 0x00, 0x00, 0x00, 0x0a, 0x00, 0x00, 0x00, 0x00, 0x00, 0x00, 0x00, 0x00,
  0x00, 0x00, 0x00, 0x45, 0x00, 0x00, 0x00, 0x0a, 0x00, 0x00, 0x00, 0x07, 0x00, 0x00, 0x00, 0x07, 0x00, 0x00, 0x00, 0x0a,
  0x00, 0x00, 0x00, 0x00, 0x00, 0x00, 0x00, 0x00, 0x00, 0x00, 0x00, 0x46, 0x00, 0x00, 0x00, 0x0a, 0x00, 0x00, 0x00, 0x07,
  0x00, 0x00, 0x00, 0x07, 0x00, 0x00, 0x00, 0x0a, 0x00, 0x00, 0x00, 0x00, 0x00, 0x00, 0x00, 0x00, 0x00, 0x00, 0x00, 0x47,
  0x00, 0x00, 0x00, 0x0a, 0x00, 0x00, 0x00, 0x08, 0x00, 0x00, 0x00, 0x09, 0x00, 0x00, 0x00, 0x0a, 0x00, 0x00, 0x00, 0x00,
  0x00, 0x00, 0x00, 0x00, 0x00, 0x00, 0x00, 0x48, 0x00, 0x00, 0x00, 0x0a, 0x00, 0x00, 0x00, 0x08, 0x00, 0x00, 0x00, 0x09,
  0x00, 0x00, 0x00, 0x0a, 0x00, 0x00, 0x00, 0x00, 0x00, 0x00, 0x00, 0x00, 0x00, 0x00, 0x00, 0x49, 0x00, 0x00, 0x00, 0x0a,
  0x00, 0x00, 0x00, 0x02, 0x00, 0x00, 0x00, 0x03, 0x00, 0x00, 0x00, 0x0a, 0x00, 0x00, 0x00, 0x00, 0x00, 0x00, 0x00, 0x00,
  0x00, 0x00, 0x00, 0x4a, 0x00, 0x00, 0x00, 0x0a, 0x00, 0x00, 0x00, 0x05, 0x00, 0x00, 0x00, 0x06, 0x00, 0x00, 0x00, 0x0a,
  0x00, 0x00, 0x00, 0x00, 0x00, 0x00, 0x00, 0x00, 0x00, 0x00, 0x00, 0x4b, 0x00, 0x00, 0x00, 0x0a, 0x00, 0x00, 0x00, 0x08,
  0x00, 0x00, 0x00, 0x08, 0x00, 0x00, 0x00, 0x0a, 0x00, 0x00, 0x00, 0x00, 0x00, 0x00, 0x00, 0x00, 0x00, 0x00, 0x00, 0x4c,
  0x00, 0x00, 0x00, 0x0a, 0x00, 0x00, 0x00, 0x07, 0x00, 0x00, 0x00, 0x07, 0x00, 0x00, 0x00, 0x0a, 0x00, 0x00, 0x00, 0x00,
  0x00, 0x00, 0x00, 0x00, 0x00, 0x00, 0x00, 0x4d, 0x00, 0x00, 0x00, 0x0a, 0x00, 0x00, 0x00, 0x09, 0x00, 0x00, 0x00, 0x0a,
  0x00, 0x00, 0x00, 0x0a, 0x00, 0x00, 0x00, 0x00, 0x00, 0x00, 0x00, 0x00, 0x00, 0x00, 0x00, 0x4e, 0x00, 0x00, 0x00, 0x0a,
  0x00, 0x00, 0x00, 0x08, 0x00, 0x00, 0x00, 0x09, 0x00, 0x00, 0x00, 0x0a, 0x00, 0x00, 0x00, 0x00, 0x00, 0x00, 0x00, 0x00,
  0x00, 0x00, 0x00, 0x4f, 0x00, 0x00, 0x00, 0x0a, 0x00, 0x00, 0x00, 0x09, 0x00, 0x00, 0x00, 0x09, 0x00, 0x00, 0x00, 0x0a,
  0x00, 0x00, 0x00, 0x00, 0x00, 0x00, 0x00, 0x00, 0x00, 0x00, 0x00, 0x50, 0x00, 0x00, 0x00, 0x0a, 0x00, 0x00, 0x00, 0x07,
  0x00, 0x00, 0x00, 0x08, 0x00, 0x00, 0x00, 0x0a, 0x00, 0x00, 0x00, 0x00, 0x00, 0x00, 0x00, 0x00, 0x00, 0x00, 0x00, 0x51,
  0x00, 0x00, 0x00, 0x0c, 0x00, 0x00, 0x00, 0x09, 0x00, 0x00, 0x00, 0x09, 0x00, 0x00, 0x00, 0x0a, 0x00, 0x00, 0x00, 0x00,
  0x00, 0x00, 0x00, 0x00, 0x00, 0x00, 0x00, 0x52, 0x00, 0x00, 0x00, 0x0a, 0x00, 0x00, 0x00, 0x08, 0x00, 0x00, 0x00, 0x08,
  0x00, 0x00, 0x00, 0x0a, 0x00, 0x00, 0x00, 0x00, 0x00, 0x00, 0x00, 0x00, 0x00, 0x00, 0x00, 0x53, 0x00, 0x00, 0x00, 0x0a,
  0x00, 0x00, 0x00, 0x06, 0x00, 0x00, 0x00, 0x06, 0x00, 0x00, 0x00, 0x0a, 0x00, 0x00, 0x00, 0x00, 0x00, 0x00, 0x00, 0x00,
  0x00, 0x00, 0x00, 0x54, 0x00, 0x00, 0x00, 0x0a, 0x00, 0x00, 0x00, 0x07, 0x00, 0x00, 0x00, 0x07, 0x00, 0x00, 0x00, 0x0a,
  0x00, 0x00, 0x00, 0x00, 0x00, 0x00, 0x00, 0x00, 0x00, 0x00, 0x00, 0x55, 0x00, 0x00, 0x00, 0x0a, 0x00, 0x00, 0x00, 0x07,
  0x00, 0x00, 0x00, 0x08, 0x00, 0x00, 0x00, 0x0a, 0x00, 0x00, 0x00, 0x00, 0x00, 0x00, 0x00, 0x00, 0x00, 0x00, 0x00, 0x56,
  0x00, 0x00, 0x00, 0x0a, 0x00, 0x00, 0x00, 0x08, 0x00, 0x00, 0x00, 0x08, 0x00, 0x00, 0x00, 0x0a, 0x00, 0x00, 0x00, 0x00,
  0x00, 0x00, 0x00, 0x00, 0x00, 0x00, 0x00, 0x57, 0x00, 0x00, 0x00, 0x0a, 0x00, 0x00, 0x00, 0x0b, 0x00, 0x00, 0x00, 0x0b,
  0x00, 0x00, 0x00, 0x0a, 0x00, 0x00, 0x00, 0x00, 0x00, 0x00, 0x00, 0x00, 0x00, 0x00, 0x00, 0x58, 0x00, 0x00, 0x00, 0x0a,
  0x00, 0x00, 0x00, 0x08, 0x00, 0x00, 0x00, 0x08, 0x00, 0x00, 0x00, 0x0a, 0x00, 0x00, 0x00, 0x00, 0x00, 0x00, 0x00, 0x00,
  0x00, 0x00, 0x00, 0x59, 0x00, 0x00, 0x00, 0x0a, 0x00, 0x00, 0x00, 0x07, 0x00, 0x00, 0x00, 0x07, 0x00, 0x00, 0x00, 0x0a,
  0x00, 0x00, 0x00, 0x00, 0x00, 0x00, 0x00, 0x00, 0x00, 0x00, 0x00, 0x5a, 0x00, 0x00, 0x00, 0x0a, 0x00, 0x00, 0x00, 0x06,
  0x00, 0x00, 0x00, 0x08, 0x00, 0x00, 0x00, 0x0a, 0x00, 0x00, 0x00, 0x01, 0x00, 0x00, 0x00, 0x00, 0x00, 0x00, 0x00, 0x5b,
  0x00, 0x00, 0x00, 0x0b, 0x00, 0x00, 0x00, 0x04, 0x00, 0x00, 0x00, 0x04, 0x00, 0x00, 0x00, 0x0a, 0x00, 0x00, 0x00, 0x00,
  0x00, 0x00, 0x00, 0x00, 0x00, 0x00, 0x00, 0x5c, 0x00, 0x00, 0x00, 0x0b, 0x00, 0x00, 0x00, 0x07, 0x00, 0x00, 0x00, 0x05,
  0x00, 0x00, 0x00, 0x0a, 0xff, 0xff, 0xff, 0xff, 0x00, 0x00, 0x00, 0x00, 0x00, 0x00, 0x00, 0x5d, 0x00, 0x00, 0x00, 0x0b,
  0x00, 0x00, 0x00, 0x03, 0x00, 0x00, 0x00, 0x04, 0x00, 0x00, 0x00, 0x0a, 0x00, 0x00, 0x00, 0x00, 0x00, 0x00, 0x00, 0x00,
  0x00, 0x00, 0x00, 0x5e, 0x00, 0x00, 0x00, 0x07, 0x00, 0x00, 0x00, 0x07, 0x00, 0x00, 0x00, 0x08, 0x00, 0x00, 0x00, 0x0a,
  0x00, 0x00, 0x00, 0x00, 0x00, 0x00, 0x00, 0x00, 0x00, 0x00, 0x00, 0x5f, 0x00, 0x00, 0x00, 0x01, 0x00, 0x00, 0x00, 0x05,
  0x00, 0x00, 0x00, 0x04, 0xff, 0xff, 0xff, 0xfd, 0x00, 0x00, 0x00, 0x00, 0x00, 0x00, 0x00, 0x00, 0x00, 0x00, 0x00, 0x60,
  0x00, 0x00, 0x00, 0x02, 0x00, 0x00, 0x00, 0x03, 0x00, 0x00, 0x00, 0x05, 0x00, 0x00, 0x00, 0x0a, 0x00, 0x00, 0x00, 0x01,
  0x00, 0x00, 0x00, 0x00, 0x00, 0x00, 0x00, 0x61, 0x00, 0x00, 0x00, 0x07, 0x00, 0x00, 0x00, 0x07, 0x00, 0x00, 0x00, 0x07,
  0x00, 0x00, 0x00, 0x07, 0x00, 0x00, 0x00, 0x00, 0x00, 0x00, 0x00, 0x00, 0x00, 0x00, 0x00, 0x62, 0x00, 0x00, 0x00, 0x0a,
  0x00, 0x00, 0x00, 0x07, 0x00, 0x00, 0x00, 0x07, 0x00, 0x00, 0x00, 0x0a, 0x00, 0x00, 0x00, 0x00, 0x00, 0x00, 0x00, 0x00,
  0x00, 0x00, 0x00, 0x63, 0x00, 0x00, 0x00, 0x07, 0x00, 0x00, 0x00, 0x07, 0x00, 0x00, 0x00, 0x07, 0x00, 0x00, 0x00, 0x07,
  0x00, 0x00, 0x00, 0x00, 0x00, 0x00, 0x00, 0x00, 0x00, 0x00, 0x00, 0x64, 0x00, 0x00, 0x00, 0x0a, 0x00, 0x00, 0x00, 0x07,
  0x00, 0x00, 0x00, 0x08, 0x00, 0x00, 0x00, 0x0a, 0x00, 0x00, 0x00, 0x00, 0x00, 0x00, 0x00, 0x00, 0x00, 0x00, 0x00, 0x65,
  0x00, 0x00, 0x00, 0x07, 0x00, 0x00, 0x00, 0x07, 0x00, 0x00, 0x00, 0x07, 0x00, 0x00, 0x00, 0x07, 0x00, 0x00, 0x00, 0x00,
  0x00, 0x00, 0x00, 0x00, 0x00, 0x00, 0x00, 0x66, 0x00, 0x00, 0x00, 0x0a, 0x00, 0x00, 0x00, 0x06, 0x00, 0x00, 0x00, 0x04,
  0x00, 0x00, 0x00, 0x0a, 0xff, 0xff, 0xff, 0xff, 0x00, 0x00, 0x00, 0x00, 0x00, 0x00, 0x00, 0x67, 0x00, 0x00, 0x00, 0x0a,
  0x00, 0x00, 0x00, 0x07, 0x00, 0x00, 0x00, 0x08, 0x00, 0x00, 0x00, 0x07, 0x00, 0x00, 0x00, 0x00, 0x00, 0x00, 0x00, 0x00,
  0x00, 0x00, 0x00, 0x68, 0x00, 0x00, 0x00, 0x0a, 0x00, 0x00, 0x00, 0x07, 0x00, 0x00, 0x00, 0x08, 0x00, 0x00, 0x00, 0x0a,
  0x00, 0x00, 0x00, 0x00, 0x00, 0x00, 0x00, 0x00, 0x00, 0x00, 0x00, 0x69, 0x00, 0x00, 0x00, 0x0a, 0x00, 0x00, 0x00, 0x02,
  0x00, 0x00, 0x00, 0x03, 0x00, 0x00, 0x00, 0x0a, 0x00, 0x00, 0x00, 0x00, 0x00, 0x00, 0x00, 0x00, 0x00, 0x00, 0x00, 0x6a,
  0x00, 0x00, 0x00, 0x0d, 0x00, 0x00, 0x00, 0x03, 0x00, 0x00, 0x00, 0x03, 0x00, 0x00, 0x00, 0x0a, 0xff, 0xff, 0xff, 0xff,
  0x00, 0x00, 0x00, 0x00, 0x00, 0x00, 0x00, 0x6b, 0x00, 0x00, 0x00, 0x0a, 0x00, 0x00, 0x00, 0x07, 0x00, 0x00, 0x00, 0x06,
  0x00, 0x00, 0x00, 0x0a, 0x00, 0x00, 0x00, 0x00, 0x00, 0x00, 0x00, 0x00, 0x00, 0x00, 0x00, 0x6c, 0x00, 0x00, 0x00, 0x0a,
  0x00, 0x00, 0x00, 0x04, 0x00, 0x00, 0x00, 0x04, 0x00, 0x00, 0x00, 0x0a, 0x00, 0x00, 0x00, 0x00, 0x00, 0x00, 0x00, 0x00,
  0x00, 0x00, 0x00, 0x6d, 0x00, 0x00, 0x00, 0x07, 0x00, 0x00, 0x00, 0x0a, 0x00, 0x00, 0x00, 0x0b, 0x00, 0x00, 0x00, 0x07,
  0x00, 0x00, 0x00, 0x00, 0x00, 0x00, 0x00, 0x00, 0x00, 0x00, 0x00, 0x6e, 0x00, 0x00, 0x00, 0x07, 0x00, 0x00, 0x00, 0x06,
  0x00, 0x00, 0x00, 0x07, 0x00, 0x00, 0x00, 0x07, 0x00, 0x00, 0x00, 0x00, 0x00, 0x00, 0x00, 0x00, 0x00, 0x00, 0x00, 0x6f,
  0x00, 0x00, 0x00, 0x07, 0x00, 0x00, 0x00, 0x07, 0x00, 0x00, 0x00, 0x07, 0x00, 0x00, 0x00, 0x07, 0x00, 0x00, 0x00, 0x00,
  0x00, 0x00, 0x00, 0x00, 0x00, 0x00, 0x00, 0x70, 0x00, 0x00, 0x00, 0x0a, 0x00, 0x00, 0x00, 0x07, 0x00, 0x00, 0x00, 0x07,
  0x00, 0x00, 0x00, 0x07, 0x00, 0x00, 0x00, 0x00, 0x00, 0x00, 0x00, 0x00, 0x00, 0x00, 0x00, 0x71, 0x00, 0x00, 0x00, 0x0a,
  0x00, 0x00, 0x00, 0x07, 0x00, 0x00, 0x00, 0x08, 0x00, 0x00, 0x00, 0x07, 0x00, 0x00, 0x00, 0x00, 0x00, 0x00, 0x00, 0x00,
  0x00, 0x00, 0x00, 0x72, 0x00, 0x00, 0x00, 0x08, 0x00, 0x00, 0x00, 0x05, 0x00, 0x00, 0x00, 0x05, 0x00, 0x00, 0x00, 0x08,
  0x00, 0x00, 0x00, 0x00, 0x00, 0x00, 0x00, 0x00, 0x00, 0x00, 0x00, 0x73, 0x00, 0x00, 0x00, 0x07, 0x00, 0x00, 0x00, 0x05,
  0x00, 0x00, 0x00, 0x05, 0x00, 0x00, 0x00, 0x07, 0x00, 0x00, 0x00, 0x00, 0x00, 0x00, 0x00, 0x00, 0x00, 0x00, 0x00, 0x74,
  0x00, 0x00, 0x00, 0x0a, 0x00, 0x00, 0x00, 0x05, 0x00, 0x00, 0x00, 0x05, 0x00, 0x00, 0x00, 0x0a, 0xff, 0xff, 0xff, 0xff,
  0x00, 0x00, 0x00, 0x00, 0x00, 0x00, 0x00, 0x75, 0x00, 0x00, 0x00, 0x07, 0x00, 0x00, 0x00, 0x07, 0x00, 0x00, 0x00, 0x07,
  0x00, 0x00, 0x00, 0x07, 0x00, 0x00, 0x00, 0x00, 0x00, 0x00, 0x00, 0x00, 0x00, 0x00, 0x00, 0x76, 0x00, 0x00, 0x00, 0x07,
  0x00, 0x00, 0x00, 0x07, 0x00, 0x00, 0x00, 0x06, 0x00, 0x00, 0x00, 0x07, 0x00, 0x00, 0x00, 0x00, 0x00, 0x00, 0x00, 0x00,
  0x00, 0x00, 0x00, 0x77, 0x00, 0x00, 0x00, 0x07, 0x00, 0x00, 0x00, 0x09, 0x00, 0x00, 0x00, 0x09, 0x00, 0x00, 0x00, 0x07,
  0x00, 0x00, 0x00, 0x00, 0x00, 0x00, 0x00, 0x00, 0x00, 0x00, 0x00, 0x78, 0x00, 0x00, 0x00, 0x07, 0x00, 0x00, 0x00, 0x06,
  0x00, 0x00, 0x00, 0x06, 0x00, 0x00, 0x00, 0x07, 0x00, 0x00, 0x00, 0x00, 0x00, 0x00, 0x00, 0x00, 0x00, 0x00, 0x00, 0x79,
  0x00, 0x00, 0x00, 0x0a, 0x00, 0x00, 0x00, 0x06, 0x00, 0x00, 0x00, 0x06, 0x00, 0x00, 0x00, 0x07, 0x00, 0x00, 0x00, 0x00,
  0x00, 0x00, 0x00, 0x00, 0x00, 0x00, 0x00, 0x7a, 0x00, 0x00, 0x00, 0x07, 0x00, 0x00, 0x00, 0x06, 0x00, 0x00, 0x00, 0x07,
  0x00, 0x00, 0x00, 0x07, 0x00, 0x00, 0x00, 0x01, 0x00, 0x00, 0x00, 0x00, 0x00, 0x00, 0x00, 0x7b, 0x00, 0x00, 0x00, 0x0b,
  0x00, 0x00, 0x00, 0x05, 0x00, 0x00, 0x00, 0x04, 0x00, 0x00, 0x00, 0x0a, 0xff, 0xff, 0xff, 0xff, 0x00, 0x00, 0x00, 0x00,
  0x00, 0x00, 0x00, 0x7c, 0x00, 0x00, 0x00, 0x0c, 0x00, 0x00, 0x00, 0x02, 0x00, 0x00, 0x00, 0x03, 0x00, 0x00, 0x00, 0x0a,
  0x00, 0x00, 0x00, 0x00, 0x00, 0x00, 0x00, 0x00, 0x00, 0x00, 0x00, 0x7d, 0x00, 0x00, 0x00, 0x0b, 0x00, 0x00, 0x00, 0x04,
  0x00, 0x00, 0x00, 0x04, 0x00, 0x00, 0x00, 0x0a, 0x00, 0x00, 0x00, 0x00, 0x00, 0x00, 0x00, 0x00, 0x00, 0x00, 0x00, 0x7e,
  0x00, 0x00, 0x00, 0x02, 0x00, 0x00, 0x00, 0x07, 0x00, 0x00, 0x00, 0x08, 0x00, 0x00, 0x00, 0x05, 0x00, 0x00, 0x00, 0x01,
  0x00, 0x00, 0x00, 0x00, 0x00, 0x00, 0x00, 0xb0, 0x00, 0x00, 0x00, 0x04, 0x00, 0x00, 0x00, 0x05, 0x00, 0x00, 0x00, 0x05,
  0x00, 0x00, 0x00, 0x0a, 0x00, 0x00, 0x00, 0x00, 0x00, 0x00, 0x00, 0x00, 0x00, 0x00, 0x00, 0xd7, 0x00, 0x00, 0x00, 0x07,
  0x00, 0x00, 0x00, 0x08, 0x00, 0x00, 0x00, 0x08, 0x00, 0x00, 0x00, 0x07, 0x00, 0x00, 0x00, 0x00, 0x00, 0x00, 0x00, 0x00,
  0x00, 0x00, 0x0e, 0x01, 0x00, 0x00, 0x00, 0x08, 0x00, 0x00, 0x00, 0x06, 0x00, 0x00, 0x00, 0x07, 0x00, 0x00, 0x00, 0x08,
  0x00, 0x00, 0x00, 0x00, 0x00, 0x00, 0x00, 0x00, 0x00, 0x00, 0x0e, 0x02, 0x00, 0x00, 0x00, 0x08, 0x00, 0x00, 0x00, 0x07,
  0x00, 0x00, 0x00, 0x08, 0x00, 0x00, 0x00, 0x08, 0x00, 0x00, 0x00, 0x00, 0x00, 0x00, 0x00, 0x00, 0x00, 0x00, 0x0e, 0x03,
  0x00, 0x00, 0x00, 0x09, 0x00, 0x00, 0x00, 0x07, 0x00, 0x00, 0x00, 0x08, 0x00, 0x00, 0x00, 0x09, 0x00, 0x00, 0x00, 0x00,
  0x00, 0x00, 0x00, 0x00, 0x00, 0x00, 0x0e, 0x04, 0x00, 0x00, 0x00, 0x08, 0x00, 0x00, 0x00, 0x07, 0x00, 0x00, 0x00, 0x08,
  0x00, 0x00, 0x00, 0x08, 0x00, 0x00, 0x00, 0x00, 0x00, 0x00, 0x00, 0x00, 0x00, 0x00, 0x0e, 0x05, 0x00, 0x00, 0x00, 0x08,
  0x00, 0x00, 0x00, 0x07, 0x00, 0x00, 0x00, 0x08, 0x00, 0x00, 0x00, 0x08, 0x00, 0x00, 0x00, 0x00, 0x00, 0x00, 0x00, 0x00,
  0x00, 0x00, 0x0e, 0x06, 0x00, 0x00, 0x00, 0x09, 0x00, 0x00, 0x00, 0x07, 0x00, 0x00, 0x00, 0x08, 0x00, 0x00, 0x00, 0x09,
  0x00, 0x00, 0x00, 0x00, 0x00, 0x00, 0x00, 0x00, 0x00, 0x00, 0x0e, 0x07, 0x00, 0x00, 0x00, 0x08, 0x00, 0x00, 0x00, 0x05,
  0x00, 0x00, 0x00, 0x06, 0x00, 0x00, 0x00, 0x08, 0x00, 0x00, 0x00, 0x00, 0x00, 0x00, 0x00, 0x00, 0x00, 0x00, 0x0e, 0x08,
  0x00, 0x00, 0x00, 0x08, 0x00, 0x00, 0x00, 0x06, 0x00, 0x00, 0x00, 0x07, 0x00, 0x00, 0x00, 0x08, 0x00, 0x00, 0x00, 0x00,
  0x00, 0x00, 0x00, 0x00, 0x00, 0x00, 0x0e, 0x09, 0x00, 0x00, 0x00, 0x08, 0x00, 0x00, 0x00, 0x07, 0x00, 0x00, 0x00, 0x08,
  0x00, 0x00, 0x00, 0x08, 0x00, 0x00, 0x00, 0x00, 0x00, 0x00, 0x00, 0x00, 0x00, 0x00, 0x0e, 0x0a, 0x00, 0x00, 0x00, 0x09,
  0x00, 0x00, 0x00, 0x08, 0x00, 0x00, 0x00, 0x08, 0x00, 0x00, 0x00, 0x09, 0x00, 0x00, 0x00, 0x00, 0x00, 0x00, 0x00, 0x00,
  0x00, 0x00, 0x0e, 0x0b, 0x00, 0x00, 0x00, 0x09, 0x00, 0x00, 0x00, 0x08, 0x00, 0x00, 0x00, 0x08, 0x00, 0x00, 0x00, 0x09,
  0x00, 0x00, 0x00, 0x00, 0x00, 0x00, 0x00, 0x00, 0x00, 0x00, 0x0e, 0x0c, 0x00, 0x00, 0x00, 0x08, 0x00, 0x00, 0x00, 0x0a,
  0x00, 0x00, 0x00, 0x0b, 0x00, 0x00, 0x00, 0x08, 0x00, 0x00, 0x00, 0x00, 0x00, 0x00, 0x00, 0x00, 0x00, 0x00, 0x0e, 0x0d,
  0x00, 0x00, 0x00, 0x0c, 0x00, 0x00, 0x00, 0x0a, 0x00, 0x00, 0x00, 0x0b, 0x00, 0x00, 0x00, 0x08, 0x00, 0x00, 0x00, 0x00,
  0x00, 0x00, 0x00, 0x00, 0x00, 0x00, 0x0e, 0x0e, 0x00, 0x00, 0x00, 0x0c, 0x00, 0x00, 0x00, 0x07, 0x00, 0x00, 0x00, 0x08,
  0x00, 0x00, 0x00, 0x08, 0x00, 0x00, 0x00, 0x00, 0x00, 0x00, 0x00, 0x00, 0x00, 0x00, 0x0e, 0x0f, 0x00, 0x00, 0x00, 0x0c,
  0x00, 0x00, 0x00, 0x07, 0x00, 0x00, 0x00, 0x08, 0x00, 0x00, 0x00, 0x08, 0x00, 0x00, 0x00, 0x00, 0x00, 0x00, 0x00, 0x00,
  0x00, 0x00, 0x0e, 0x10, 0x00, 0x00, 0x00, 0x0d, 0x00, 0x00, 0x00, 0x08, 0x00, 0x00, 0x00, 0x07, 0x00, 0x00, 0x00, 0x09,
  0xff, 0xff, 0xff, 0xff, 0x00, 0x00, 0x00, 0x00, 0x00, 0x00, 0x0e, 0x11, 0x00, 0x00, 0x00, 0x08, 0x00, 0x00, 0x00, 0x08,
  0x00, 0x00, 0x00, 0x09, 0x00, 0x00, 0x00, 0x08, 0x00, 0x00, 0x00, 0x00, 0x00, 0x00, 0x00, 0x00, 0x00, 0x00, 0x0e, 0x12,
  0x00, 0x00, 0x00, 0x09, 0x00, 0x00, 0x00, 0x0a, 0x00, 0x00, 0x00, 0x0b, 0x00, 0x00, 0x00, 0x09, 0x00, 0x00, 0x00, 0x00,
  0x00, 0x00, 0x00, 0x00, 0x00, 0x00, 0x0e, 0x13, 0x00, 0x00, 0x00, 0x08, 0x00, 0x00, 0x00, 0x0a, 0x00, 0x00, 0x00, 0x0a,
  0x00, 0x00, 0x00, 0x08, 0x00, 0x00, 0x00, 0x00, 0x00, 0x00, 0x00, 0x00, 0x00, 0x00, 0x0e, 0x14, 0x00, 0x00, 0x00, 0x08,
  0x00, 0x00, 0x00, 0x07, 0x00, 0x00, 0x00, 0x08, 0x00, 0x00, 0x00, 0x08, 0x00, 0x00, 0x00, 0x00, 0x00, 0x00, 0x00, 0x00,
  0x00, 0x00, 0x0e, 0x15, 0x00, 0x00, 0x00, 0x09, 0x00, 0x00, 0x00, 0x07, 0x00, 0x00, 0x00, 0x08, 0x00, 0x00, 0x00, 0x09,
  0x00, 0x00, 0x00, 0x00, 0x00, 0x00, 0x00, 0x00, 0x00, 0x00, 0x0e, 0x16, 0x00, 0x00, 0x00, 0x08, 0x00, 0x00, 0x00, 0x07,
  0x00, 0x00, 0x00, 0x08, 0x00, 0x00, 0x00, 0x08, 0x00, 0x00, 0x00, 0x00, 0x00, 0x00, 0x00, 0x00, 0x00, 0x00, 0x0e, 0x17,
  0x00, 0x00, 0x00, 0x08, 0x00, 0x00, 0x00, 0x07, 0x00, 0x00, 0x00, 0x08, 0x00, 0x00, 0x00, 0x08, 0x00, 0x00, 0x00, 0x00,
  0x00, 0x00, 0x00, 0x00, 0x00, 0x00, 0x0e, 0x18, 0x00, 0x00, 0x00, 0x08, 0x00, 0x00, 0x00, 0x07, 0x00, 0x00, 0x00, 0x07,
  0x00, 0x00, 0x00, 0x08, 0x00, 0x00, 0x00, 0x00, 0x00, 0x00, 0x00, 0x00, 0x00, 0x00, 0x0e, 0x19, 0x00, 0x00, 0x00, 0x08,
  0x00, 0x00, 0x00, 0x08, 0x00, 0x00, 0x00, 0x08, 0x00, 0x00, 0x00, 0x08, 0x00, 0x00, 0x00, 0x00, 0x00, 0x00, 0x00, 0x00,
  0x00, 0x00, 0x0e, 0x1a, 0x00, 0x00, 0x00, 0x08, 0x00, 0x00, 0x00, 0x07, 0x00, 0x00, 0x00, 0x08, 0x00, 0x00, 0x00, 0x08,
  0x00, 0x00, 0x00, 0x00, 0x00, 0x00, 0x00, 0x00, 0x00, 0x00, 0x0e, 0x1b, 0x00, 0x00, 0x00, 0x0b, 0x00, 0x00, 0x00, 0x07,
  0x00, 0x00, 0x00, 0x08, 0x00, 0x00, 0x00, 0x0b, 0x00, 0x00, 0x00, 0x00, 0x00, 0x00, 0x00, 0x00, 0x00, 0x00, 0x0e, 0x1c,
  0x00, 0x00, 0x00, 0x08, 0x00, 0x00, 0x00, 0x07, 0x00, 0x00, 0x00, 0x08, 0x00, 0x00, 0x00, 0x08, 0x00, 0x00, 0x00, 0x00,
  0x00, 0x00, 0x00, 0x00, 0x00, 0x00, 0x0e, 0x1d, 0x00, 0x00, 0x00, 0x0b, 0x00, 0x00, 0x00, 0x07, 0x00, 0x00, 0x00, 0x08,
  0x00, 0x00, 0x00, 0x0b, 0x00, 0x00, 0x00, 0x00, 0x00, 0x00, 0x00, 0x00, 0x00, 0x00, 0x0e, 0x1e, 0x00, 0x00, 0x00, 0x08,
  0x00, 0x00, 0x00, 0x08, 0x00, 0x00, 0x00, 0x09, 0x00, 0x00, 0x00, 0x08, 0x00, 0x00, 0x00, 0x00, 0x00, 0x00, 0x00, 0x00,
  0x00, 0x00, 0x0e, 0x1f, 0x00, 0x00, 0x00, 0x0b, 0x00, 0x00, 0x00, 0x08, 0x00, 0x00, 0x00, 0x09, 0x00, 0x00, 0x00, 0x0b,
  0x00, 0x00, 0x00, 0x00, 0x00, 0x00, 0x00, 0x00, 0x00, 0x00, 0x0e, 0x20, 0x00, 0x00, 0x00, 0x08, 0x00, 0x00, 0x00, 0x07,
  0x00, 0x00, 0x00, 0x08, 0x00, 0x00, 0x00, 0x08, 0x00, 0x00, 0x00, 0x00, 0x00, 0x00, 0x00, 0x00, 0x00, 0x00, 0x0e, 0x21,
  0x00, 0x00, 0x00, 0x08, 0x00, 0x00, 0x00, 0x07, 0x00, 0x00, 0x00, 0x08, 0x00, 0x00, 0x00, 0x08, 0x00, 0x00, 0x00, 0x00,
  0x00, 0x00, 0x00, 0x00, 0x00, 0x00, 0x0e, 0x22, 0x00, 0x00, 0x00, 0x08, 0x00, 0x00, 0x00, 0x07, 0x00, 0x00, 0x00, 0x08,
  0x00, 0x00, 0x00, 0x08, 0x00, 0x00, 0x00, 0x00, 0x00, 0x00, 0x00, 0x00, 0x00, 0x00, 0x0e, 0x23, 0x00, 0x00, 0x00, 0x09,
  0x00, 0x00, 0x00, 0x06, 0x00, 0x00, 0x00, 0x06, 0x00, 0x00, 0x00, 0x09, 0x00, 0x00, 0x00, 0x00, 0x00, 0x00, 0x00, 0x00,
  0x00, 0x00, 0x0e, 0x24, 0x00, 0x00, 0x00, 0x0c, 0x00, 0x00, 0x00, 0x07, 0x00, 0x00, 0x00, 0x08, 0x00, 0x00, 0x00, 0x08,
  0x00, 0x00, 0x00, 0x00, 0x00, 0x00, 0x00, 0x00, 0x00, 0x00, 0x0e, 0x25, 0x00, 0x00, 0x00, 0x08, 0x00, 0x00, 0x00, 0x07,
  0x00, 0x00, 0x00, 0x08, 0x00, 0x00, 0x00, 0x08, 0x00, 0x00, 0x00, 0x00, 0x00, 0x00, 0x00, 0x00, 0x00, 0x00, 0x0e, 0x26,
  0x00, 0x00, 0x00, 0x0c, 0x00, 0x00, 0x00, 0x07, 0x00, 0x00, 0x00, 0x08, 0x00, 0x00, 0x00, 0x08, 0x00, 0x00, 0x00, 0x00,
  0x00, 0x00, 0x00, 0x00, 0x00, 0x00, 0x0e, 0x27, 0x00, 0x00, 0x00, 0x08, 0x00, 0x00, 0x00, 0x06, 0x00, 0x00, 0x00, 0x07,
  0x00, 0x00, 0x00, 0x08, 0x00, 0x00, 0x00, 0x00, 0x00, 0x00, 0x00, 0x00, 0x00, 0x00, 0x0e, 0x28, 0x00, 0x00, 0x00, 0x09,
  0x00, 0x00, 0x00, 0x08, 0x00, 0x00, 0x00, 0x08, 0x00, 0x00, 0x00, 0x09, 0x00, 0x00, 0x00, 0x00, 0x00, 0x00, 0x00, 0x00,
  0x00, 0x00, 0x0e, 0x29, 0x00, 0x00, 0x00, 0x08, 0x00, 0x00, 0x00, 0x0a, 0x00, 0x00, 0x00, 0x09, 0x00, 0x00, 0x00, 0x08,
  0x00, 0x00, 0x00, 0x00, 0x00, 0x00, 0x00, 0x00, 0x00, 0x00, 0x0e, 0x2a, 0x00, 0x00, 0x00, 0x09, 0x00, 0x00, 0x00, 0x08,
  0x00, 0x00, 0x00, 0x08, 0x00, 0x00, 0x00, 0x09, 0x00, 0x00, 0x00, 0x00, 0x00, 0x00, 0x00, 0x00, 0x00, 0x00, 0x0e, 0x2b,
  0x00, 0x00, 0x00, 0x08, 0x00, 0x00, 0x00, 0x08, 0x00, 0x00, 0x00, 0x08, 0x00, 0x00, 0x00, 0x08, 0x00, 0x00, 0x00, 0x00,
  0x00, 0x00, 0x00, 0x00, 0x00, 0x00, 0x0e, 0x2c, 0x00, 0x00, 0x00, 0x09, 0x00, 0x00, 0x00, 0x09, 0x00, 0x00, 0x00, 0x09,
  0x00, 0x00, 0x00, 0x09, 0x00, 0x00, 0x00, 0x00, 0x00, 0x00, 0x00, 0x00, 0x00, 0x00, 0x0e, 0x2d, 0x00, 0x00, 0x00, 0x08,
  0x00, 0x00, 0x00, 0x06, 0x00, 0x00, 0x00, 0x07, 0x00, 0x00, 0x00, 0x08, 0x00, 0x00, 0x00, 0x00, 0x00, 0x00, 0x00, 0x00,
  0x00, 0x00, 0x0e, 0x2e, 0x00, 0x00, 0x00, 0x08, 0x00, 0x00, 0x00, 0x07, 0x00, 0x00, 0x00, 0x07, 0x00, 0x00, 0x00, 0x08,
  0x00, 0x00, 0x00, 0x00, 0x00, 0x00, 0x00, 0x00, 0x00, 0x00, 0x0e, 0x2f, 0x00, 0x00, 0x00, 0x08, 0x00, 0x00, 0x00, 0x06,
  0x00, 0x00, 0x00, 0x07, 0x00, 0x00, 0x00, 0x08, 0x00, 0x00, 0x00, 0x00, 0x00, 0x00, 0x00, 0x00, 0x00, 0x00, 0x0e, 0x30,
  0x00, 0x00, 0x00, 0x08, 0x00, 0x00, 0x00, 0x06, 0x00, 0x00, 0x00, 0x07, 0x00, 0x00, 0x00, 0x08, 0x00, 0x00, 0x00, 0x00,
  0x00, 0x00, 0x00, 0x00, 0x00, 0x00, 0x0e, 0x31, 0x00, 0x00, 0x00, 0x03, 0x00, 0x00, 0x00, 0x07, 0x00, 0x00, 0x00, 0x00,
  0x00, 0x00, 0x00, 0x0c, 0xff, 0xff, 0xff, 0xfa, 0x00, 0x00, 0x00, 0x00, 0x00, 0x00, 0x0e, 0x32, 0x00, 0x00, 0x00, 0x08,
  0x00, 0x00, 0x00, 0x06, 0x00, 0x00, 0x00, 0x07, 0x00, 0x00, 0x00, 0x08, 0x00, 0x00, 0x00, 0x00, 0x00, 0x00, 0x00, 0x00,
  0x00, 0x00, 0x0e, 0x33, 0x00, 0x00, 0x00, 0x0c, 0x00, 0x00, 0x00, 0x09, 0x00, 0x00, 0x00, 0x06, 0x00, 0x00, 0x00, 0x0c,
  0xff, 0xff, 0xff, 0xfc, 0x00, 0x00, 0x00, 0x00, 0x00, 0x00, 0x0e, 0x34, 0x00, 0x00, 0x00, 0x04, 0x00, 0x00, 0x00, 0x06,
  0x00, 0x00, 0x00, 0x00, 0x00, 0x00, 0x00, 0x0d, 0xff, 0xff, 0xff, 0xf9, 0x00, 0x00, 0x00, 0x00, 0x00, 0x00, 0x0e, 0x35,
  0x00, 0x00, 0x00, 0x05, 0x00, 0x00, 0x00, 0x08, 0x00, 0x00, 0x00, 0x00, 0x00, 0x00, 0x00, 0x0e, 0xff, 0xff, 0xff, 0xf8,
  0x00, 0x00, 0x00, 0x00, 0x00, 0x00, 0x0e, 0x36, 0x00, 0x00, 0x00, 0x04, 0x00, 0x00, 0x00, 0x07, 0x00, 0x00, 0x00, 0x00,
  0x00, 0x00, 0x00, 0x0d, 0xff, 0xff, 0xff, 0xf9, 0x00, 0x00, 0x00, 0x00, 0x00, 0x00, 0x0e, 0x37, 0x00, 0x00, 0x00, 0x05,
  0x00, 0x00, 0x00, 0x08, 0x00, 0x00, 0x00, 0x00, 0x00, 0x00, 0x00, 0x0e, 0xff, 0xff, 0xff, 0xf8, 0x00, 0x00, 0x00, 0x00,
  0x00, 0x00, 0x0e, 0x38, 0x00, 0x00, 0x00, 0x04, 0x00, 0x00, 0x00, 0x03, 0x00, 0x00, 0x00, 0x00, 0xff, 0xff, 0xff, 0xff,
  0xff, 0xff, 0xff, 0xfc, 0x00, 0x00, 0x00, 0x00, 0x00, 0x00, 0x0e, 0x39, 0x00, 0x00, 0x00, 0x04, 0x00, 0x00, 0x00, 0x05,
  0x00, 0x00, 0x00, 0x00, 0xff, 0xff, 0xff, 0xff, 0xff, 0xff, 0xff, 0xfa, 0x00, 0x00, 0x00, 0x00, 0x00, 0x00, 0x0e, 0x3a,
  0x00, 0x00, 0x00, 0x01, 0x00, 0x00, 0x00, 0x02, 0x00, 0x00, 0x00, 0x00, 0xff, 0xff, 0xff, 0xff, 0xff, 0xff, 0xff, 0xfd,
  0x00, 0x00, 0x00, 0x00, 0x00, 0x00, 0x0e, 0x3f, 0x00, 0x00, 0x00, 0x0d, 0x00, 0x00, 0x00, 0x07, 0x00, 0x00, 0x00, 0x08,
  0x00, 0x00, 0x00, 0x0b, 0x00, 0x00, 0x00, 0x00, 0x00, 0x00, 0x00, 0x00, 0x00, 0x00, 0x0e, 0x40, 0x00, 0x00, 0x00, 0x08,
  0x00, 0x00, 0x00, 0x04, 0x00, 0x00, 0x00, 0x04, 0x00, 0x00, 0x00, 0x08, 0x00, 0x00, 0x00, 0x00, 0x00, 0x00, 0x00, 0x00,
  0x00, 0x00, 0x0e, 0x41, 0x00, 0x00, 0x00, 0x08, 0x00, 0x00, 0x00, 0x08, 0x00, 0x00, 0x00, 0x08, 0x00, 0x00, 0x00, 0x08,
  0x00, 0x00, 0x00, 0x00, 0x00, 0x00, 0x00, 0x00, 0x00, 0x00, 0x0e, 0x42, 0x00, 0x00, 0x00, 0x0d, 0x00, 0x00, 0x00, 0x06,
  0x00, 0x00, 0x00, 0x05, 0x00, 0x00, 0x00, 0x0d, 0xff, 0xff, 0xff, 0xff, 0x00, 0x00, 0x00, 0x00, 0x00, 0x00, 0x0e, 0x43,
  0x00, 0x00, 0x00, 0x0d, 0x00, 0x00, 0x00, 0x06, 0x00, 0x00, 0x00, 0x05, 0x00, 0x00, 0x00, 0x0d, 0xff, 0xff, 0xff, 0xff,
  0x00, 0x00, 0x00, 0x00, 0x00, 0x00, 0x0e, 0x44, 0x00, 0x00, 0x00, 0x0d, 0x00, 0x00, 0x00, 0x06, 0x00, 0x00, 0x00, 0x05,
  0x00, 0x00, 0x00, 0x0d, 0xff, 0xff, 0xff, 0xff, 0x00, 0x00, 0x00, 0x00, 0x00, 0x00, 0x0e, 0x45, 0x00, 0x00, 0x00, 0x0c,
  0x00, 0x00, 0x00, 0x06, 0x00, 0x00, 0x00, 0x04, 0x00, 0x00, 0x00, 0x08, 0xff, 0xff, 0xff, 0xfd, 0x00, 0x00, 0x00, 0x00,
  0x00, 0x00, 0x0e, 0x46, 0x00, 0x00, 0x00, 0x0c, 0x00, 0x00, 0x00, 0x06, 0x00, 0x00, 0x00, 0x08, 0x00, 0x00, 0x00, 0x08,
  0x00, 0x00, 0x00, 0x01, 0x00, 0x00, 0x00, 0x00, 0x00, 0x00, 0x0e, 0x47, 0x00, 0x00, 0x00, 0x05, 0x00, 0x00, 0x00, 0x06,
  0x00, 0x00, 0x00, 0x00, 0x00, 0x00, 0x00, 0x0e, 0xff, 0xff, 0xff, 0xf9, 0x00, 0x00, 0x00, 0x00, 0x00, 0x00, 0x0e, 0x48,
  0x00, 0x00, 0x00, 0x03, 0x00, 0x00, 0x00, 0x02, 0x00, 0x00, 0x00, 0x00, 0x00, 0x00, 0x00, 0x0c, 0xff, 0xff, 0xff, 0xfd,
  0x00, 0x00, 0x00, 0x00, 0x00, 0x00, 0x0e, 0x49, 0x00, 0x00, 0x00, 0x04, 0x00, 0x00, 0x00, 0x06, 0x00, 0x00, 0x00, 0x00,
  0x00, 0x00, 0x00, 0x0d, 0xff, 0xff, 0xff, 0xfc, 0x00, 0x00, 0x00, 0x00, 0x00, 0x00, 0x0e, 0x4a, 0x00, 0x00, 0x00, 0x04,
  0x00, 0x00, 0x00, 0x06, 0x00, 0x00, 0x00, 0x00, 0x00, 0x00, 0x00, 0x0d, 0xff, 0xff, 0xff, 0xfa, 0x00, 0x00, 0x00, 0x00,
  0x00, 0x00, 0x0e, 0x4b, 0x00, 0x00, 0x00, 0x03, 0x00, 0x00, 0x00, 0x05, 0x00, 0x00, 0x00, 0x00, 0x00, 0x00, 0x00, 0x0c,
  0xff, 0xff, 0xff, 0xfc, 0x00, 0x00, 0x00, 0x00, 0x00, 0x00, 0x0e, 0x4c, 0x00, 0x00, 0x00, 0x05, 0x00, 0x00, 0x00, 0x05,
  0x00, 0x00, 0x00, 0x00, 0x00, 0x00, 0x00, 0x0e, 0xff, 0xff, 0xff, 0xfc, 0x00, 0x00, 0x00, 0x00, 0x00, 0x00, 0x0e, 0x4d,
  0x00, 0x00, 0x00, 0x03, 0x00, 0x00, 0x00, 0x04, 0x00, 0x00, 0x00, 0x00, 0x00, 0x00, 0x00, 0x0c, 0xff, 0xff, 0xff, 0xfc,
  0x00, 0x00, 0x00, 0x00, 0x00, 0x00, 0x0e, 0x4e, 0x00, 0x00, 0x00, 0x05, 0x00, 0x00, 0x00, 0x05, 0x00, 0x00, 0x00, 0x00,
  0x00, 0x00, 0x00, 0x0e, 0xff, 0xff, 0xff, 0xfb, 0x00, 0x00, 0x00, 0x00, 0x00, 0x00, 0x0e, 0x4f, 0x00, 0x00, 0x00, 0x07,
  0x00, 0x00, 0x00, 0x08, 0x00, 0x00, 0x00, 0x09, 0x00, 0x00, 0x00, 0x07, 0x00, 0x00, 0x00, 0x00, 0x00, 0x00, 0x00, 0x00,
  0x00, 0x00, 0x0e, 0x50, 0x00, 0x00, 0x00, 0x06, 0x00, 0x00, 0x00, 0x08, 0x00, 0x00, 0x00, 0x09, 0x00, 0x00, 0x00, 0x06,
  0x00, 0x00, 0x00, 0x00, 0x00, 0x00, 0x00, 0x00, 0x00, 0x00, 0x0e, 0x51, 0x00, 0x00, 0x00, 0x06, 0x00, 0x00, 0x00, 0x08,
  0x00, 0x00, 0x00, 0x09, 0x00, 0x00, 0x00, 0x06, 0x00, 0x00, 0x00, 0x00, 0x00, 0x00, 0x00, 0x00, 0x00, 0x00, 0x0e, 0x52,
  0x00, 0x00, 0x00, 0x08, 0x00, 0x00, 0x00, 0x08, 0x00, 0x00, 0x00, 0x09, 0x00, 0x00, 0x00, 0x08, 0x00, 0x00, 0x00, 0x00,
  0x00, 0x00, 0x00, 0x00, 0x00, 0x00, 0x0e, 0x53, 0x00, 0x00, 0x00, 0x06, 0x00, 0x00, 0x00, 0x08, 0x00, 0x00, 0x00, 0x09,
  0x00, 0x00, 0x00, 0x06, 0x00, 0x00, 0x00, 0x00, 0x00, 0x00, 0x00, 0x00, 0x00, 0x00, 0x0e, 0x54, 0x00, 0x00, 0x00, 0x0a,
  0x00, 0x00, 0x00, 0x09, 0x00, 0x00, 0x00, 0x09, 0x00, 0x00, 0x00, 0x09, 0x00, 0x00, 0x00, 0x00, 0x00, 0x00, 0x00, 0x00,
  0x00, 0x00, 0x0e, 0x55, 0x00, 0x00, 0x00, 0x0a, 0x00, 0x00, 0x00, 0x0a, 0x00, 0x00, 0x00, 0x09, 0x00, 0x00, 0x00, 0x09,
  0x00, 0x00, 0x00, 0x00, 0x00, 0x00, 0x00, 0x00, 0x00, 0x00, 0x0e, 0x56, 0x00, 0x00, 0x00, 0x08, 0x00, 0x00, 0x00, 0x09,
  0x00, 0x00, 0x00, 0x09, 0x00, 0x00, 0x00, 0x08, 0xff, 0xff, 0xff, 0xff, 0x00, 0x00, 0x00, 0x00, 0x00, 0x00, 0x0e, 0x57,
  0x00, 0x00, 0x00, 0x09, 0x00, 0x00, 0x00, 0x0a, 0x00, 0x00, 0x00, 0x0a, 0x00, 0x00, 0x00, 0x09, 0x00, 0x00, 0x00, 0x00,
  0x00, 0x00, 0x00, 0x00, 0x00, 0x00, 0x0e, 0x58, 0x00, 0x00, 0x00, 0x09, 0x00, 0x00, 0x00, 0x08, 0x00, 0x00, 0x00, 0x09,
  0x00, 0x00, 0x00, 0x09, 0x00, 0x00, 0x00, 0x00, 0x00, 0x00, 0x00, 0x00, 0x00, 0x00, 0x0e, 0x59, 0x00, 0x00, 0x00, 0x09,
  0x00, 0x00, 0x00, 0x09, 0x00, 0x00, 0x00, 0x09, 0x00, 0x00, 0x00, 0x09, 0x00, 0x00, 0x00, 0x00, 0x00, 0x00, 0x00, 0x00,
  0x00, 0x00, 0x0e, 0x5a, 0x00, 0x00, 0x00, 0x08, 0x00, 0x00, 0x00, 0x09, 0x00, 0x00, 0x00, 0x0a, 0x00, 0x00, 0x00, 0x08,
  0x00, 0x00, 0x00, 0x00, 0x00, 0x00, 0x00, 0x00, 0x00, 0x00, 0x0e, 0x5b, 0x00, 0x00, 0x00, 0x07, 0x00, 0x00, 0x00, 0x0d,
  0x00, 0x00, 0x00, 0x0d, 0x00, 0x00, 0x00, 0x07, 0x00, 0x00, 0x00, 0x00, 0x00, 0x00, 0x00, 0x00, 0x00, 0x00, 0x20, 0x13,
  0x00, 0x00, 0x00, 0x01, 0x00, 0x00, 0x00, 0x07, 0x00, 0x00, 0x00, 0x07, 0x00, 0x00, 0x00, 0x04, 0x00, 0x00, 0x00, 0x00,
  0x00, 0x00, 0x00, 0x00, 0x00, 0x00, 0x20, 0x14, 0x00, 0x00, 0x00, 0x01, 0x00, 0x00, 0x00, 0x0b, 0x00, 0x00, 0x00, 0x0b,
  0x00, 0x00, 0x00, 0x04, 0x00, 0x00, 0x00, 0x00, 0x00, 0x00, 0x00, 0x00, 0x00, 0x00, 0x20, 0x18, 0x00, 0x00, 0x00, 0x05,
  0x00, 0x00, 0x00, 0x02, 0x00, 0x00, 0x00, 0x04, 0x00, 0x00, 0x00, 0x0b, 0x00, 0x00, 0x00, 0x01, 0x00, 0x00, 0x00, 0x00,
  0x00, 0x00, 0x20, 0x19, 0x00, 0x00, 0x00, 0x05, 0x00, 0x00, 0x00, 0x02, 0x00, 0x00, 0x00, 0x04, 0x00, 0x00, 0x00, 0x0a,
  0x00, 0x00, 0x00, 0x01, 0x00, 0x00, 0x00, 0x00, 0x00, 0x00, 0x20, 0x1c, 0x00, 0x00, 0x00, 0x05, 0x00, 0x00, 0x00, 0x04,
  0x00, 0x00, 0x00, 0x06, 0x00, 0x00, 0x00, 0x0b, 0x00, 0x00, 0x00, 0x01, 0x00, 0x00, 0x00, 0x00, 0x00, 0x00, 0x20, 0x1d,
  0x00, 0x00, 0x00, 0x05, 0x00, 0x00, 0x00, 0x04, 0x00, 0x00, 0x00, 0x06, 0x00, 0x00, 0x00, 0x0a, 0x00, 0x00, 0x00, 0x01,
  0x00, 0x00, 0x00, 0x00, 0x00, 0x00, 0x20, 0x22, 0x00, 0x00, 0x00, 0x04, 0x00, 0x00, 0x00, 0x03, 0x00, 0x00, 0x00, 0x05,
  0x00, 0x00, 0x00, 0x06, 0x00, 0x00, 0x00, 0x01, 0x00, 0x00, 0x00, 0x00, 0x00, 0x00, 0x20, 0x26, 0x00, 0x00, 0x00, 0x02,
  0x00, 0x00, 0x00, 0x08, 0x00, 0x00, 0x00, 0x09, 0x00, 0x00, 0x00, 0x02, 0x00, 0x00, 0x00, 0x00, 0x00, 0x00, 0x00, 0x00,
  0x00, 0x00, 0xf7, 0x00, 0x00, 0x00, 0x00, 0x03, 0x00, 0x00, 0x00, 0x02, 0x00, 0x00, 0x00, 0x00, 0x00, 0x00, 0x00, 0x12,
  0xff, 0xff, 0xff, 0xfd, 0x00, 0x00, 0x00, 0x00, 0x00, 0x00, 0xf7, 0x01, 0x00, 0x00, 0x00, 0x04, 0x00, 0x00, 0x00, 0x06,
  0x00, 0x00, 0x00, 0x00, 0x00, 0x00, 0x00, 0x13, 0xff, 0xff, 0xff, 0xfc, 0x00, 0x00, 0x00, 0x00, 0x00, 0x00, 0xf7, 0x02,
  0x00, 0x00, 0x00, 0x04, 0x00, 0x00, 0x00, 0x06, 0x00, 0x00, 0x00, 0x00, 0x00, 0x00, 0x00, 0x13, 0xff, 0xff, 0xff, 0xfa,
  0x00, 0x00, 0x00, 0x00, 0x00, 0x00, 0xf7, 0x03, 0x00, 0x00, 0x00, 0x03, 0x00, 0x00, 0x00, 0x05, 0x00, 0x00, 0x00, 0x00,
  0x00, 0x00, 0x00, 0x12, 0xff, 0xff, 0xff, 0xfc, 0x00, 0x00, 0x00, 0x00, 0x00, 0x00, 0xf7, 0x04, 0x00, 0x00, 0x00, 0x05,
  0x00, 0x00, 0x00, 0x05, 0x00, 0x00, 0x00, 0x00, 0x00, 0x00, 0x00, 0x14, 0xff, 0xff, 0xff, 0xfc, 0x00, 0x00, 0x00, 0x00,
  0x00, 0x00, 0xf7, 0x05, 0x00, 0x00, 0x00, 0x03, 0x00, 0x00, 0x00, 0x02, 0x00, 0x00, 0x00, 0x00, 0x00, 0x00, 0x00, 0x0c,
  0xff, 0xff, 0xff, 0xfb, 0x00, 0x00, 0x00, 0x00, 0x00, 0x00, 0xf7, 0x06, 0x00, 0x00, 0x00, 0x04, 0x00, 0x00, 0x00, 0x06,
  0x00, 0x00, 0x00, 0x00, 0x00, 0x00, 0x00, 0x0d, 0xff, 0xff, 0xff, 0xf7, 0x00, 0x00, 0x00, 0x00, 0x00, 0x00, 0xf7, 0x07,
  0x00, 0x00, 0x00, 0x04, 0x00, 0x00, 0x00, 0x06, 0x00, 0x00, 0x00, 0x00, 0x00, 0x00, 0x00, 0x0d, 0xff, 0xff, 0xff, 0xf7,
  0x00, 0x00, 0x00, 0x00, 0x00, 0x00, 0xf7, 0x08, 0x00, 0x00, 0x00, 0x03, 0x00, 0x00, 0x00, 0x05, 0x00, 0x00, 0x00, 0x00,
  0x00, 0x00, 0x00, 0x0c, 0xff, 0xff, 0xff, 0xf8, 0x00, 0x00, 0x00, 0x00, 0x00, 0x00, 0xf7, 0x09, 0x00, 0x00, 0x00, 0x05,
  0x00, 0x00, 0x00, 0x05, 0x00, 0x00, 0x00, 0x00, 0x00, 0x00, 0x00, 0x0e, 0xff, 0xff, 0xff, 0xf8, 0x00, 0x00, 0x00, 0x00,
  0x00, 0x00, 0xf7, 0x0a, 0x00, 0x00, 0x00, 0x03, 0x00, 0x00, 0x00, 0x02, 0x00, 0x00, 0x00, 0x00, 0x00, 0x00, 0x00, 0x12,
  0xff, 0xff, 0xff, 0xfb, 0x00, 0x00, 0x00, 0x00, 0x00, 0x00, 0xf7, 0x0b, 0x00, 0x00, 0x00, 0x04, 0x00, 0x00, 0x00, 0x06,
  0x00, 0x00, 0x00, 0x00, 0x00, 0x00, 0x00, 0x13, 0xff, 0xff, 0xff, 0xf7, 0x00, 0x00, 0x00, 0x00, 0x00, 0x00, 0xf7, 0x0c,
  0x00, 0x00, 0x00, 0x04, 0x00, 0x00, 0x00, 0x06, 0x00, 0x00, 0x00, 0x00, 0x00, 0x00, 0x00, 0x13, 0xff, 0xff, 0xff, 0xf7,
  0x00, 0x00, 0x00, 0x00, 0x00, 0x00, 0xf7, 0x0d, 0x00, 0x00, 0x00, 0x03, 0x00, 0x00, 0x00, 0x05, 0x00, 0x00, 0x00, 0x00,
  0x00, 0x00, 0x00, 0x12, 0xff, 0xff, 0xff, 0xf8, 0x00, 0x00, 0x00, 0x00, 0x00, 0x00, 0xf7, 0x0e, 0x00, 0x00, 0x00, 0x05,
  0x00, 0x00, 0x00, 0x05, 0x00, 0x00, 0x00, 0x00, 0x00, 0x00, 0x00, 0x14, 0xff, 0xff, 0xff, 0xf8, 0x00, 0x00, 0x00, 0x00,
  0x00, 0x00, 0xf7, 0x10, 0x00, 0x00, 0x00, 0x03, 0x00, 0x00, 0x00, 0x07, 0x00, 0x00, 0x00, 0x00, 0x00, 0x00, 0x00, 0x0c,
  0xff, 0xff, 0xff, 0xf6, 0x00, 0x00, 0x00, 0x00, 0x00, 0x00, 0xf7, 0x11, 0x00, 0x00, 0x00, 0x04, 0x00, 0x00, 0x00, 0x06,
  0x00, 0x00, 0x00, 0x00, 0x00, 0x00, 0x00, 0x0d, 0xff, 0xff, 0xff, 0xf7, 0x00, 0x00, 0x00, 0x00, 0x00, 0x00, 0xf7, 0x12,
  0x00, 0x00, 0x00, 0x05, 0x00, 0x00, 0x00, 0x08, 0x00, 0x00, 0x00, 0x00, 0x00, 0x00, 0x00, 0x0e, 0xff, 0xff, 0xff, 0xf5,
  0x00, 0x00, 0x00, 0x00, 0x00, 0x00, 0xf7, 0x13, 0x00, 0x00, 0x00, 0x04, 0x00, 0x00, 0x00, 0x07, 0x00, 0x00, 0x00, 0x00,
  0x00, 0x00, 0x00, 0x0d, 0xff, 0xff, 0xff, 0xf6, 0x00, 0x00, 0x00, 0x00, 0x00, 0x00, 0xf7, 0x14, 0x00, 0x00, 0x00, 0x05,
  0x00, 0x00, 0x00, 0x08, 0x00, 0x00, 0x00, 0x00, 0x00, 0x00, 0x00, 0x0e, 0xff, 0xff, 0xff, 0xf5, 0x00, 0x00, 0x00, 0x00,
  0x00, 0x00, 0xf7, 0x15, 0x00, 0x00, 0x00, 0x05, 0x00, 0x00, 0x00, 0x06, 0x00, 0x00, 0x00, 0x00, 0x00, 0x00, 0x00, 0x0e,
  0xff, 0xff, 0xff, 0xf7, 0x00, 0x00, 0x00, 0x00, 0x00, 0x00, 0xf7, 0x16, 0x00, 0x00, 0x00, 0x03, 0x00, 0x00, 0x00, 0x04,
  0x00, 0x00, 0x00, 0x00, 0x00, 0x00, 0x00, 0x0c, 0xff, 0xff, 0xff, 0xf9, 0x00, 0x00, 0x00, 0x00, 0x00, 0x00, 0xf7, 0x18,
  0x00, 0x00, 0x00, 0x04, 0x00, 0x00, 0x00, 0x03, 0x00, 0x00, 0x00, 0x00, 0xff, 0xff, 0xff, 0xfb, 0xff, 0xff, 0xff, 0xfc,
  0x00, 0x00, 0x00, 0x00, 0x00, 0x00, 0xf7, 0x19, 0x00, 0x00, 0x00, 0x04, 0x00, 0x00, 0x00, 0x05, 0x00, 0x00, 0x00, 0x00,
  0xff, 0xff, 0xff, 0xfb, 0xff, 0xff, 0xff, 0xfa, 0x00, 0x00, 0x00, 0x00, 0x00, 0x00, 0xf7, 0x1a, 0x00, 0x00, 0x00, 0x01,
  0x00, 0x00, 0x00, 0x02, 0x00, 0x00, 0x00, 0x00, 0xff, 0xff, 0xff, 0xfb, 0xff, 0xff, 0xff, 0xfd, 0x00, 0x00, 0x00, 0x00,
  0xf4, 0x00, 0xf4, 0x00, 0xf4, 0x00, 0xf4, 0x00, 0xf4, 0x00, 0xf4, 0x00, 0xf4, 0x00, 0x00, 0x00, 0xa2, 0x85, 0xc5, 0xa2,
  0x24, 0xf8, 0x24, 0xf4, 0x24, 0xf8, 0x24, 0xf4, 0x24, 0xf8, 0x24, 0xf4, 0x00, 0x00, 0x67, 0xb1, 0x00, 0x00, 0xa3, 0x75,
  0x00, 0x00, 0x00, 0x83, 0x95, 0x00, 0x00, 0xbf, 0x59, 0x00, 0x00, 0x00, 0x9e, 0x79, 0x00, 0x00, 0xda, 0x3d, 0x00, 0x0a,
  0xe4, 0xfa, 0xec, 0xe4, 0xe4, 0xff, 0xe5, 0x35, 0x00, 0x00, 0xdb, 0x3c, 0x00, 0x14, 0xfc, 0x04, 0x00, 0x00, 0x01, 0xf8,
  0x1d, 0x00, 0x35, 0xe1, 0x00, 0x00, 0x46, 0xe3, 0xfe, 0xe0, 0xe0, 0xea, 0xf8, 0xd9, 0x00, 0x00, 0x38, 0xe0, 0x00, 0x00,
  0x73, 0xa5, 0x00, 0x00, 0x00, 0x53, 0xc4, 0x00, 0x00, 0x8d, 0x8b, 0x00, 0x00, 0x00, 0x6e, 0xa9, 0x00, 0x00, 0xa7, 0x71,
  0x00, 0x00, 0x00, 0x00, 0x1f, 0xd1, 0x00, 0x00, 0x00, 0x4f, 0xe5, 0xff, 0xc0, 0x21, 0x05, 0xef, 0x59, 0x0a, 0x7b, 0x8a,
  0x1a, 0xfe, 0x06, 0x00, 0x00, 0x01, 0x02, 0xda, 0x94, 0x05, 0x00, 0x00, 0x00, 0x28, 0xdc, 0xd6, 0x36, 0x00, 0x00, 0x00,
  0x0a, 0x8a, 0xf7, 0x44, 0x00, 0x00, 0x00, 0x00, 0x75, 0xcb, 0x00, 0x0f, 0x00, 0x00, 0x2f, 0xe9, 0x35, 0xe0, 0x35, 0x0c,
  0x96, 0xb2, 0x00, 0x75, 0xf0, 0xff, 0xc3, 0x1d, 0x00, 0x00, 0x24, 0xf4, 0x00, 0x00, 0x00, 0x43, 0xdf, 0xd1, 0x25, 0x00,
  0x00, 0x4c, 0xc8, 0x00, 0x00, 0x00, 0xdd, 0x41, 0x70, 0xae, 0x00, 0x01, 0xcf, 0x42, 0x00, 0x00, 0x15, 0xfe, 0x03, 0x2e,
  0xe5, 0x00, 0x58, 0xbb, 0x00, 0x00, 0x00, 0x15, 0xfe, 0x04, 0x2f, 0xe4, 0x03, 0xd8, 0x36, 0x00, 0x00, 0x00, 0x00, 0xd9,
  0x48, 0x76, 0xa9, 0x64, 0xae, 0x00, 0x00, 0x00, 0x00, 0x00, 0x3b, 0xd3, 0xc4, 0x27, 0xdf, 0x2b, 0x4a, 0xd6, 0xca, 0x2c,
  0x00, 0x00, 0x00, 0x00, 0x70, 0xa2, 0x03, 0xec, 0x33, 0x65, 0xc0, 0x00, 0x00, 0x00, 0x0b, 0xe3, 0x21, 0x1b, 0xf9, 0x00,
  0x2a, 0xea, 0x00, 0x00, 0x00, 0x7c, 0x95, 0x00, 0x05, 0xf1, 0x2c, 0x5e, 0xc6, 0x00, 0x00, 0x11, 0xe5, 0x19, 0x00, 0x00,
  0x59, 0xe2, 0xd9, 0x37, 0x00, 0x00, 0x65, 0xe3, 0xdd, 0x47, 0x00, 0x00, 0x00, 0x00, 0x0b, 0xf9, 0x21, 0x52, 0xd8, 0x00,
  0x00, 0x00, 0x00, 0x12, 0xfd, 0x09, 0x3b, 0xe2, 0x00, 0x00, 0x00, 0x00, 0x00, 0xcd, 0x58, 0xb5, 0x80, 0x00, 0x00, 0x00,
  0x00, 0x06, 0xad, 0xfb, 0x8f, 0x02, 0x00, 0x00, 0x00, 0x00, 0x9d, 0xc3, 0xae, 0x93, 0x00, 0x02, 0x82, 0x09, 0x0e, 0xfc,
  0x1b, 0x0e, 0xd8, 0x6b, 0x32, 0xe7, 0x00, 0x18, 0xfe, 0x08, 0x00, 0x24, 0xe9, 0xce, 0x8c, 0x00, 0x00, 0xcd, 0x85, 0x02,
  0x07, 0xa1, 0xff, 0x77, 0x00, 0x00, 0x20, 0xb7, 0xea, 0xe0, 0x9f, 0x4c, 0xd9, 0x15, 0x00, 0x00, 0x00, 0x00, 0x00, 0x00,
  0x00, 0x03, 0x00, 0x24, 0xf8, 0x24, 0xf8, 0x24, 0xf8, 0x00, 0x00, 0x9a, 0x8a, 0x00, 0x40, 0xdb, 0x03, 0x00, 0xac, 0x71,
  0x00, 0x01, 0xed, 0x2d, 0x00, 0x11, 0xff, 0x0b, 0x00, 0x1f, 0xfc, 0x00, 0x00, 0x11, 0xff, 0x0b, 0x00, 0x01, 0xed, 0x2d,
  0x00, 0x00, 0xac, 0x71, 0x00, 0x00, 0x40, 0xdb, 0x03, 0x00, 0x00, 0x9a, 0x8c, 0x03, 0xb2, 0x71, 0x00, 0x00, 0x15, 0xef,
  0x1b, 0x00, 0x00, 0x9d, 0x80, 0x00, 0x00, 0x5a, 0xc2, 0x00, 0x00, 0x38, 0xe4, 0x00, 0x00, 0x29, 0xf3, 0x00, 0x00, 0x38,
  0xe4, 0x00, 0x00, 0x5a, 0xc1, 0x00, 0x00, 0x9d, 0x7f, 0x00, 0x15, 0xef, 0x1b, 0x03, 0xb3, 0x71, 0x00, 0x00, 0x00, 0x00,
  0x01, 0x00, 0x00, 0x00, 0x90, 0x4f, 0x7d, 0x65, 0x00, 0x00, 0x22, 0xbe, 0xc6, 0x0d, 0x00, 0x83, 0xe4, 0xf7, 0xf2, 0xe4,
  0x59, 0x00, 0x24, 0xbd, 0xc7, 0x0f, 0x00, 0x00, 0x8f, 0x4e, 0x7a, 0x64, 0x00, 0x00, 0x00, 0x24, 0xf8, 0x00, 0x00, 0x00,
  0x00, 0x00, 0x24, 0xf8, 0x00, 0x00, 0x00, 0x00, 0x00, 0x24, 0xf8, 0x00, 0x00, 0x00, 0xcb, 0xe0, 0xe4, 0xff, 0xe0, 0xe0,
  0xa8, 0x00, 0x00, 0x24, 0xf8, 0x00, 0x00, 0x00, 0x00, 0x00, 0x24, 0xf8, 0x00, 0x00, 0x00, 0x00, 0x00, 0x24, 0xf8, 0x00,
  0x00, 0x00, 0x9f, 0x7c, 0xd1, 0xcf, 0x4c, 0x9c, 0xc1, 0x25, 0x12, 0x00, 0x83, 0xe4, 0xe4, 0xe0, 0x08, 0x9f, 0x0d, 0xcc,
  0x00, 0x00, 0x00, 0x00, 0x00, 0x9d, 0x77, 0x00, 0x00, 0x00, 0x00, 0x1b, 0xea, 0x0e, 0x00, 0x00, 0x00, 0x00, 0x8d, 0x86,
  0x00, 0x00, 0x00, 0x00, 0x11, 0xeb, 0x17, 0x00, 0x00, 0x00, 0x00, 0x7e, 0x96, 0x00, 0x00, 0x00, 0x00, 0x0a, 0xe7, 0x21,
  0x00, 0x00, 0x00, 0x00, 0x6f, 0xa5, 0x00, 0x00, 0x00, 0x00, 0x05, 0xe0, 0x2e, 0x00, 0x00, 0x00, 0x00, 0x60, 0xb4, 0x00,
  0x00, 0x00, 0x00, 0x01, 0xd6, 0x3c, 0x00, 0x00, 0x00, 0x00, 0x19, 0x71, 0x00, 0x00, 0x00, 0x00, 0x00, 0x00, 0x03, 0x92,
  0xe6, 0xe1, 0x6c, 0x00, 0x00, 0x74, 0xc1, 0x09, 0x17, 0xde, 0x41, 0x00, 0xd8, 0x4d, 0x00, 0x00, 0x7a, 0xa6, 0x0b, 0xff,
  0x13, 0x00, 0x00, 0x40, 0xd9, 0x1f, 0xfe, 0x02, 0x00, 0x00, 0x2d, 0xee, 0x1f, 0xfb, 0x00, 0x00, 0x00, 0x28, 0xed, 0x0b,
  0xff, 0x10, 0x00, 0x00, 0x3c, 0xd8, 0x00, 0xd9, 0x44, 0x00, 0x00, 0x71, 0xa6, 0x00, 0x76, 0xbf, 0x09, 0x16, 0xdd, 0x42,
  0x00, 0x03, 0x94, 0xe7, 0xe1, 0x6e, 0x00, 0x04, 0x7d, 0xee, 0x00, 0xcb, 0xd9, 0xf4, 0x00, 0x6e, 0x26, 0xf4, 0x00, 0x00,
  0x24, 0xf4, 0x00, 0x00, 0x24, 0xf4, 0x00, 0x00, 0x24, 0xf4, 0x00, 0x00, 0x24, 0xf4, 0x00, 0x00, 0x24, 0xf4, 0x00, 0x00,
  0x24, 0xf4, 0x00, 0xe4, 0xe7, 0xfe, 0xe4, 0x00, 0x5f, 0xd8, 0xe5, 0xb8, 0x1a, 0x00, 0x12, 0xda, 0x29, 0x00, 0x84, 0xab,
  0x00, 0x00, 0x07, 0x00, 0x00, 0x2d, 0xe7, 0x00, 0x00, 0x00, 0x00, 0x00, 0x44, 0xdf, 0x00, 0x00, 0x00, 0x00, 0x00, 0x96,
  0x9e, 0x00, 0x00, 0x00, 0x00, 0x1e, 0xf4, 0x2e, 0x00, 0x00, 0x00, 0x01, 0xb8, 0x8c, 0x00, 0x00, 0x00, 0x00, 0x83, 0xcf,
  0x07, 0x00, 0x00, 0x00, 0x75, 0xe5, 0x1c, 0x00, 0x00, 0x00, 0x00, 0xff, 0xf2, 0xe4, 0xe4, 0xe4, 0xe4, 0x01, 0x7a, 0xda,
  0xe4, 0xc8, 0x30, 0x25, 0xb2, 0x13, 0x00, 0x6b, 0xcf, 0x00, 0x00, 0x00, 0x00, 0x33, 0xe9, 0x00, 0x00, 0x00, 0x12, 0xb1,
  0x83, 0x00, 0x00, 0x91, 0xfe, 0xc3, 0x06, 0x00, 0x00, 0x00, 0x17, 0xc1, 0x8c, 0x00, 0x00, 0x00, 0x00, 0x3d, 0xe2, 0x00,
  0x06, 0x00, 0x00, 0x34, 0xe7, 0x40, 0xba, 0x0f, 0x04, 0xa5, 0x9c, 0x07, 0x94, 0xe5, 0xe9, 0xa6, 0x0f, 0x00, 0x00, 0x00,
  0xa2, 0xf4, 0x00, 0x00, 0x00, 0x28, 0xec, 0xf4, 0x00, 0x00, 0x00, 0xaa, 0x7d, 0xf4, 0x00, 0x00, 0x2e, 0xd2, 0x26, 0xf4,
  0x00, 0x00, 0xb1, 0x54, 0x24, 0xf4, 0x00, 0x35, 0xcf, 0x01, 0x24, 0xf4, 0x00, 0xb8, 0x4f, 0x00, 0x24, 0xf4, 0x00, 0xff,
  0xec, 0xec, 0xee, 0xff, 0xec, 0x1c, 0x1c, 0x1c, 0x3c, 0xf5, 0x1c, 0x00, 0x00, 0x00, 0x24, 0xf4, 0x00, 0x2e, 0xfe, 0xe4,
  0xe4, 0xe4, 0x9c, 0x41, 0xe5, 0x00, 0x00, 0x00, 0x00, 0x54, 0xd5, 0x00, 0x00, 0x00, 0x00, 0x68, 0xc5, 0x00, 0x00, 0x00,
  0x00, 0x7b, 0xdd, 0xc7, 0xdf, 0xa2, 0x11, 0x72, 0xaa, 0x18, 0x0b, 0xb0, 0x9f, 0x00, 0x00, 0x00, 0x00, 0x37, 0xe6, 0x00,
  0x00, 0x00, 0x00, 0x39, 0xe5, 0x9a, 0x53, 0x00, 0x0a, 0xb2, 0x8f, 0x34, 0xbf, 0xe6, 0xe6, 0x94, 0x08, 0x00, 0x00, 0x00,
  0x00, 0x10, 0x5b, 0x21, 0x00, 0x00, 0x00, 0x65, 0xeb, 0xb6, 0x26, 0x00, 0x00, 0x7f, 0xda, 0x34, 0x00, 0x00, 0x00, 0x40,
  0xe8, 0x1b, 0x00, 0x00, 0x00, 0x00, 0xbb, 0xd5, 0xd8, 0xde, 0x8b, 0x07, 0x06, 0xfd, 0x97, 0x08, 0x11, 0xb9, 0x8e, 0x1d,
  0xff, 0x0e, 0x00, 0x00, 0x3a, 0xe3, 0x08, 0xf8, 0x0c, 0x00, 0x00, 0x37, 0xe5, 0x00, 0x9e, 0x8d, 0x03, 0x0a, 0xb1, 0x91,
  0x00, 0x0b, 0x9d, 0xe5, 0xea, 0x9a, 0x0a, 0xe4, 0xe4, 0xe4, 0xe4, 0xf2, 0xfe, 0x00, 0x00, 0x00, 0x06, 0xd5, 0x8c, 0x00,
  0x00, 0x00, 0x78, 0xd4, 0x07, 0x00, 0x00, 0x09, 0xeb, 0x58, 0x00, 0x00, 0x00, 0x57, 0xe2, 0x04, 0x00, 0x00, 0x00, 0xa4,
  0x95, 0x00, 0x00, 0x00, 0x00, 0xdc, 0x57, 0x00, 0x00, 0x00, 0x03, 0xfc, 0x24, 0x00, 0x00, 0x00, 0x16, 0xff, 0x0f, 0x00,
  0x00, 0x00, 0x20, 0xfc, 0x01, 0x00, 0x00, 0x00, 0x2e, 0xbb, 0xe3, 0xe3, 0xa8, 0x18, 0x01, 0xe3, 0x66, 0x00, 0x05, 0x94,
  0xb5, 0x1a, 0xfd, 0x03, 0x00, 0x00, 0x31, 0xea, 0x02, 0xe0, 0x70, 0x03, 0x0a, 0x9b, 0xb3, 0x00, 0x57, 0xff, 0xf6, 0xfb,
  0xfb, 0x2b, 0x00, 0xce, 0x91, 0x07, 0x0f, 0xb4, 0x9d, 0x14, 0xff, 0x0d, 0x00, 0x00, 0x38, 0xe4, 0x12, 0xfe, 0x0b, 0x00,
  0x00, 0x36, 0xe2, 0x00, 0xcb, 0x87, 0x02, 0x08, 0xad, 0x9a, 0x00, 0x20, 0xb2, 0xe5, 0xe2, 0x9c, 0x0e, 0x00, 0x1b, 0xb2,
  0xe9, 0xe2, 0x7f, 0x02, 0x00, 0xc5, 0x8c, 0x02, 0x0a, 0xb1, 0x6d, 0x15, 0xfe, 0x0c, 0x00, 0x00, 0x37, 0xd0, 0x13, 0xfe,
  0x0e, 0x00, 0x00, 0x3c, 0xed, 0x00, 0xbb, 0x94, 0x07, 0x13, 0xbe, 0xd7, 0x00, 0x15, 0xa4, 0xe1, 0xd2, 0xda, 0x99, 0x00,
  0x00, 0x00, 0x00, 0x2a, 0xf1, 0x2e, 0x00, 0x00, 0x00, 0x45, 0xe7, 0x73, 0x00, 0x00, 0x3d, 0xc0, 0xeb, 0x61, 0x00, 0x00,
  0x00, 0x35, 0x59, 0x0d, 0x00, 0x00, 0x00, 0x0d, 0xcc, 0x08, 0x9f, 0x00, 0x00, 0x00, 0x00, 0x00, 0x00, 0x07, 0xa5, 0x0d,
  0xcc, 0x0d, 0xcc, 0x08, 0x9f, 0x00, 0x00, 0x00, 0x00, 0x00, 0x00, 0x07, 0xa3, 0x10, 0xe5, 0x00, 0x80, 0x13, 0x80, 0x00,
  0x0b, 0x00, 0x00, 0x00, 0x00, 0x00, 0x37, 0x50, 0x00, 0x00, 0x00, 0x22, 0xa8, 0xcf, 0x34, 0x00, 0x11, 0x8d, 0xdf, 0x62,
  0x02, 0x00, 0x72, 0xe2, 0x7f, 0x0a, 0x00, 0x00, 0x00, 0xb2, 0xd3, 0x40, 0x00, 0x00, 0x00, 0x00, 0x00, 0x3f, 0xcb, 0xb2,
  0x28, 0x00, 0x00, 0x00, 0x00, 0x01, 0x59, 0xdb, 0x96, 0x15, 0x00, 0x00, 0x00, 0x00, 0x07, 0x73, 0x6e, 0x1f, 0xe0, 0xe0,
  0xe0, 0xe0, 0xe0, 0xe0, 0x07, 0x00, 0x00, 0x00, 0x00, 0x00, 0x00, 0x00, 0x00, 0x00, 0x00, 0x00, 0x00, 0x00, 0x00, 0x00,
  0x00, 0x20, 0xe4, 0xe4, 0xe4, 0xe4, 0xe4, 0xe4, 0x07, 0x7d, 0x0a, 0x00, 0x00, 0x00, 0x00, 0x00, 0x8b, 0xdd, 0x61, 0x02,
  0x00, 0x00, 0x00, 0x00, 0x21, 0xa9, 0xd0, 0x46, 0x00, 0x00, 0x00, 0x00, 0x00, 0x39, 0xc6, 0xb9, 0x27, 0x00, 0x00, 0x00,
  0x0e, 0x87, 0xe8, 0x47, 0x00, 0x04, 0x6b, 0xe1, 0x86, 0x0e, 0x00, 0x4f, 0xd6, 0xa0, 0x1c, 0x00, 0x00, 0x00, 0xba, 0x2f,
  0x00, 0x00, 0x00, 0x00, 0x00, 0x4e, 0xd4, 0xe5, 0xc9, 0x2c, 0xba, 0x2f, 0x00, 0x72, 0xc3, 0x00, 0x00, 0x00, 0x31, 0xe6,
  0x00, 0x00, 0x00, 0x78, 0xaa, 0x00, 0x00, 0x1f, 0xe7, 0x21, 0x00, 0x00, 0xb6, 0x6f, 0x00, 0x00, 0x17, 0xfe, 0x11, 0x00,
  0x00, 0x0b, 0x74, 0x00, 0x00, 0x00, 0x09, 0xa0, 0x00, 0x00, 0x00, 0x0e, 0xc6, 0x00, 0x00, 0x00, 0x00, 0x02, 0x66, 0xc5,
  0xdf, 0xd4, 0x83, 0x0a, 0x00, 0x00, 0x03, 0xb3, 0xaf, 0x26, 0x00, 0x15, 0x8f, 0xcb, 0x08, 0x00, 0x74, 0xbf, 0x33, 0xb6,
  0xe2, 0xc1, 0x2d, 0xa8, 0x7a, 0x00, 0xdd, 0x43, 0x59, 0x28, 0x02, 0x5b, 0xcd, 0x45, 0xd0, 0x0f, 0xff, 0x0a, 0x45, 0xc9,
  0xe1, 0xe4, 0xf3, 0x29, 0xed, 0x1b, 0xfd, 0x0b, 0xf4, 0x3f, 0x00, 0x24, 0xf4, 0x3c, 0xdd, 0x04, 0xf5, 0x39, 0xfb, 0x22,
  0x03, 0x85, 0xf9, 0x94, 0x98, 0x00, 0x9e, 0x9f, 0x6e, 0xe6, 0xdc, 0x70, 0xb3, 0xce, 0x17, 0x00, 0x13, 0xda, 0x99, 0x1e,
  0x00, 0x09, 0x35, 0x00, 0x00, 0x00, 0x00, 0x0f, 0x86, 0xd3, 0xde, 0xc8, 0x7e, 0x01, 0x00, 0x00, 0x00, 0x00, 0xd8, 0x97,
  0x00, 0x00, 0x00, 0x00, 0x00, 0x27, 0xfa, 0xe5, 0x01, 0x00, 0x00, 0x00, 0x00, 0x76, 0xaa, 0xe9, 0x35, 0x00, 0x00, 0x00,
  0x00, 0xc5, 0x64, 0xa5, 0x84, 0x00, 0x00, 0x00, 0x16, 0xfd, 0x1e, 0x5f, 0xd3, 0x00, 0x00, 0x00, 0x64, 0xd9, 0x00, 0x1a,
  0xff, 0x23, 0x00, 0x00, 0xb3, 0x93, 0x00, 0x00, 0xd4, 0x72, 0x00, 0x0a, 0xf7, 0xf4, 0xec, 0xec, 0xf9, 0xc1, 0x00, 0x51,
  0xf3, 0x20, 0x1c, 0x1c, 0x4d, 0xfc, 0x14, 0xa0, 0xa9, 0x00, 0x00, 0x00, 0x02, 0xe7, 0x60, 0x24, 0xff, 0xe4, 0xe2, 0xc0,
  0x2d, 0x00, 0x24, 0xf8, 0x00, 0x00, 0x70, 0xc9, 0x00, 0x24, 0xf8, 0x00, 0x00, 0x2e, 0xea, 0x00, 0x24, 0xf8, 0x00, 0x01,
  0x87, 0xa8, 0x00, 0x24, 0xff, 0xe0, 0xee, 0xf0, 0x42, 0x00, 0x24, 0xf8, 0x00, 0x00, 0x21, 0xbf, 0x6d, 0x24, 0xf8, 0x00,
  0x00, 0x00, 0x3b, 0xdf, 0x24, 0xf8, 0x00, 0x00, 0x00, 0x34, 0xe2, 0x24, 0xf8, 0x00, 0x00, 0x06, 0xa4, 0xa2, 0x24, 0xff,
  0xe4, 0xe3, 0xe2, 0xa5, 0x14, 0x00, 0x00, 0x37, 0xbf, 0xe2, 0xe2, 0x8f, 0x0a, 0x00, 0x2d, 0xe6, 0x40, 0x00, 0x0c, 0xa2,
  0x54, 0x00, 0xaf, 0x79, 0x00, 0x00, 0x00, 0x02, 0x00, 0x04, 0xf6, 0x22, 0x00, 0x00, 0x00, 0x00, 0x00, 0x19, 0xfe, 0x06,
  0x00, 0x00, 0x00, 0x00, 0x00, 0x19, 0xfe, 0x06, 0x00, 0x00, 0x00, 0x00, 0x00, 0x04, 0xf7, 0x22, 0x00, 0x00, 0x00, 0x00,
  0x00, 0x00, 0xb3, 0x77, 0x00, 0x00, 0x00, 0x02, 0x00, 0x00, 0x2f, 0xe5, 0x3b, 0x00, 0x0b, 0x9f, 0x53, 0x00, 0x00, 0x3b,
  0xc3, 0xe2, 0xe3, 0x93, 0x0a, 0x24, 0xff, 0xe4, 0xe8, 0xdc, 0x5c, 0x00, 0x24, 0xf8, 0x00, 0x00, 0x30, 0xe7, 0x3e, 0x24,
  0xf8, 0x00, 0x00, 0x00, 0x74, 0xa8, 0x24, 0xf8, 0x00, 0x00, 0x00, 0x3a, 0xdc, 0x24, 0xf8, 0x00, 0x00, 0x00, 0x27, 0xef,
  0x24, 0xf8, 0x00, 0x00, 0x00, 0x2a, 0xe9, 0x24, 0xf8, 0x00, 0x00, 0x00, 0x43, 0xd4, 0x24, 0xf8, 0x00, 0x00, 0x00, 0x7f,
  0x9f, 0x24, 0xf8, 0x00, 0x00, 0x2f, 0xe9, 0x36, 0x24, 0xff, 0xe4, 0xe0, 0xce, 0x51, 0x00, 0x24, 0xff, 0xe4, 0xe4, 0xe4,
  0xe4, 0x35, 0x24, 0xf8, 0x00, 0x00, 0x00, 0x00, 0x00, 0x24, 0xf8, 0x00, 0x00, 0x00, 0x00, 0x00, 0x24, 0xf8, 0x00, 0x00,
  0x00, 0x00, 0x00, 0x24, 0xff, 0xe0, 0xe0, 0xe0, 0xaf, 0x00, 0x24, 0xf8, 0x00, 0x00, 0x00, 0x00, 0x00, 0x24, 0xf8, 0x00,
  0x00, 0x00, 0x00, 0x00, 0x24, 0xf8, 0x00, 0x00, 0x00, 0x00, 0x00, 0x24, 0xf8, 0x00, 0x00, 0x00, 0x00, 0x00, 0x24, 0xff,
  0xe4, 0xe4, 0xe4, 0xe4, 0x35, 0x24, 0xff, 0xe4, 0xe4, 0xe4, 0xe4, 0x43, 0x24, 0xf8, 0x00, 0x00, 0x00, 0x00, 0x00, 0x24,
  0xf8, 0x00, 0x00, 0x00, 0x00, 0x00, 0x24, 0xf8, 0x00, 0x00, 0x00, 0x00, 0x00, 0x24, 0xf8, 0x00, 0x00, 0x00, 0x00, 0x00,
  0x24, 0xff, 0xe0, 0xe0, 0xe0, 0xe0, 0x03, 0x24, 0xf8, 0x00, 0x00, 0x00, 0x00, 0x00, 0x24, 0xf8, 0x00, 0x00, 0x00, 0x00,
  0x00, 0x24, 0xf8, 0x00, 0x00, 0x00, 0x00, 0x00, 0x24, 0xf8, 0x00, 0x00, 0x00, 0x00, 0x00, 0x00, 0x00, 0x2f, 0xb8, 0xe1,
  0xe5, 0xaa, 0x1f, 0x00, 0x26, 0xe4, 0x47, 0x00, 0x05, 0x6f, 0x9d, 0x00, 0xaa, 0x7c, 0x00, 0x00, 0x00, 0x00, 0x05, 0x03,
  0xf5, 0x23, 0x00, 0x00, 0x00, 0x00, 0x00, 0x19, 0xfe, 0x06, 0x00, 0x00, 0x00, 0x00, 0x00, 0x1a, 0xfe, 0x06, 0x00, 0x5e,
  0xe0, 0xe2, 0xe4, 0x05, 0xf7, 0x24, 0x00, 0x00, 0x00, 0x24, 0xf4, 0x00, 0xb4, 0x7a, 0x00, 0x00, 0x00, 0x24, 0xf4, 0x00,
  0x32, 0xe8, 0x42, 0x00, 0x04, 0x6f, 0xf4, 0x00, 0x00, 0x3c, 0xc3, 0xe3, 0xe3, 0x9e, 0xe1, 0x24, 0xf8, 0x00, 0x00, 0x00,
  0x00, 0x24, 0xf4, 0x24, 0xf8, 0x00, 0x00, 0x00, 0x00, 0x24, 0xf4, 0x24, 0xf8, 0x00, 0x00, 0x00, 0x00, 0x24, 0xf4, 0x24,
  0xf8, 0x00, 0x00, 0x00, 0x00, 0x24, 0xf4, 0x24, 0xf8, 0x00, 0x00, 0x00, 0x00, 0x24, 0xf4, 0x24, 0xff, 0xe0, 0xe0, 0xe0,
  0xe0, 0xe4, 0xf4, 0x24, 0xf8, 0x00, 0x00, 0x00, 0x00, 0x24, 0xf4, 0x24, 0xf8, 0x00, 0x00, 0x00, 0x00, 0x24, 0xf4, 0x24,
  0xf8, 0x00, 0x00, 0x00, 0x00, 0x24, 0xf4, 0x24, 0xf8, 0x00, 0x00, 0x00, 0x00, 0x24, 0xf4, 0x24, 0xf8, 0x24, 0xf8, 0x24,
  0xf8, 0x24, 0xf8, 0x24, 0xf8, 0x24, 0xf8, 0x24, 0xf8, 0x24, 0xf8, 0x24, 0xf8, 0x24, 0xf8, 0x00, 0x00, 0x00, 0x24, 0xf8,
  0x00, 0x00, 0x00, 0x24, 0xf8, 0x00, 0x00, 0x00, 0x24, 0xf8, 0x00, 0x00, 0x00, 0x24, 0xf8, 0x00, 0x00, 0x00, 0x24, 0xf8,
  0x00, 0x00, 0x00, 0x24, 0xf8, 0x00, 0x00, 0x00, 0x25, 0xf6, 0x00, 0x00, 0x00, 0x37, 0xe2, 0x19, 0x26, 0x00, 0x8d, 0xaa,
  0x3d, 0xd5, 0xe6, 0xc1, 0x21, 0x24, 0xf8, 0x00, 0x00, 0x00, 0xb2, 0xae, 0x00, 0x24, 0xf8, 0x00, 0x00, 0x73, 0xdd, 0x0f,
  0x00, 0x24, 0xf8, 0x00, 0x37, 0xf3, 0x33, 0x00, 0x00, 0x24, 0xf8, 0x11, 0xe0, 0x6a, 0x00, 0x00, 0x00, 0x24, 0xf8, 0xb0,
  0xff, 0x5c, 0x00, 0x00, 0x00, 0x24, 0xff, 0xd9, 0x81, 0xe3, 0x09, 0x00, 0x00, 0x24, 0xfd, 0x2e, 0x05, 0xd8, 0x7d, 0x00,
  0x00, 0x24, 0xf8, 0x00, 0x00, 0x49, 0xf4, 0x19, 0x00, 0x24, 0xf8, 0x00, 0x00, 0x00, 0xb4, 0x9e, 0x00, 0x24, 0xf8, 0x00,
  0x00, 0x00, 0x25, 0xf7, 0x31, 0x24, 0xf8, 0x00, 0x00, 0x00, 0x00, 0x00, 0x24, 0xf8, 0x00, 0x00, 0x00, 0x00, 0x00, 0x24,
  0xf8, 0x00, 0x00, 0x00, 0x00, 0x00, 0x24, 0xf8, 0x00, 0x00, 0x00, 0x00, 0x00, 0x24, 0xf8, 0x00, 0x00, 0x00, 0x00, 0x00,
  0x24, 0xf8, 0x00, 0x00, 0x00, 0x00, 0x00, 0x24, 0xf8, 0x00, 0x00, 0x00, 0x00, 0x00, 0x24, 0xf8, 0x00, 0x00, 0x00, 0x00,
  0x00, 0x24, 0xf8, 0x00, 0x00, 0x00, 0x00, 0x00, 0x24, 0xff, 0xe4, 0xe4, 0xe4, 0xe4, 0x51, 0x24, 0xff, 0x55, 0x00, 0x00,
  0x00, 0x00, 0x83, 0xf4, 0x24, 0xff, 0xa9, 0x00, 0x00, 0x00, 0x00, 0xd6, 0xf4, 0x24, 0xfb, 0xea, 0x09, 0x00, 0x00, 0x2b,
  0xf1, 0xf4, 0x24, 0xf8, 0xac, 0x51, 0x00, 0x00, 0x80, 0xa3, 0xf4, 0x24, 0xf8, 0x57, 0xa5, 0x00, 0x00, 0xd3, 0x4e, 0xf4,
  0x24, 0xf8, 0x0b, 0xe7, 0x07, 0x28, 0xd4, 0x24, 0xf4, 0x24, 0xf8, 0x00, 0xac, 0x4d, 0x7d, 0x7f, 0x24, 0xf4, 0x24, 0xf8,
  0x00, 0x56, 0xa1, 0xd0, 0x29, 0x24, 0xf4, 0x24, 0xf8, 0x00, 0x0b, 0xeb, 0xd3, 0x00, 0x24, 0xf4, 0x24, 0xf8, 0x00, 0x00,
  0xab, 0x7e, 0x00, 0x24, 0xf4, 0x24, 0xff, 0x5a, 0x00, 0x00, 0x00, 0x24, 0xf4, 0x24, 0xff, 0xe8, 0x0f, 0x00, 0x00, 0x24,
  0xf4, 0x24, 0xf8, 0xc3, 0x96, 0x00, 0x00, 0x24, 0xf4, 0x24, 0xf8, 0x2c, 0xf8, 0x35, 0x00, 0x24, 0xf4, 0x24, 0xf8, 0x00,
  0x88, 0xcd, 0x03, 0x24, 0xf4, 0x24, 0xf8, 0x00, 0x0a, 0xdf, 0x6f, 0x24, 0xf4, 0x24, 0xf8, 0x00, 0x00, 0x4b, 0xf2, 0x3e,
  0xf4, 0x24, 0xf8, 0x00, 0x00, 0x00, 0xad, 0xcb, 0xf4, 0x24, 0xf8, 0x00, 0x00, 0x00, 0x1b, 0xf2, 0xf4, 0x24, 0xf8, 0x00,
  0x00, 0x00, 0x00, 0x6f, 0xf4, 0x00, 0x00, 0x32, 0xb9, 0xe5, 0xe3, 0xa5, 0x1b, 0x00, 0x00, 0x2b, 0xec, 0x57, 0x00, 0x05,
  0x78, 0xde, 0x0d, 0x00, 0xaf, 0x7c, 0x00, 0x00, 0x00, 0x00, 0xac, 0x7b, 0x04, 0xf6, 0x24, 0x00, 0x00, 0x00, 0x00, 0x52,
  0xc9, 0x19, 0xfe, 0x02, 0x00, 0x00, 0x00, 0x00, 0x2d, 0xe8, 0x19, 0xfe, 0x02, 0x00, 0x00, 0x00, 0x00, 0x2e, 0xe8, 0x04,
  0xf6, 0x24, 0x00, 0x00, 0x00, 0x00, 0x52, 0xc8, 0x00, 0xaf, 0x7d, 0x00, 0x00, 0x00, 0x00, 0xac, 0x7b, 0x00, 0x2a, 0xeb,
  0x57, 0x00, 0x04, 0x77, 0xde, 0x0d, 0x00, 0x00, 0x32, 0xb9, 0xe5, 0xe4, 0xa6, 0x1b, 0x00, 0x24, 0xff, 0xe4, 0xe4, 0xe1,
  0x9a, 0x0f, 0x24, 0xf8, 0x00, 0x00, 0x0e, 0xb1, 0x9e, 0x24, 0xf8, 0x00, 0x00, 0x00, 0x36, 0xe3, 0x24, 0xf8, 0x00, 0x00,
  0x00, 0x3b, 0xd7, 0x24, 0xf8, 0x00, 0x00, 0x14, 0xba, 0x80, 0x24, 0xff, 0xe0, 0xdd, 0xce, 0x77, 0x04, 0x24, 0xf8, 0x00,
  0x00, 0x00, 0x00, 0x00, 0x24, 0xf8, 0x00, 0x00, 0x00, 0x00, 0x00, 0x24, 0xf8, 0x00, 0x00, 0x00, 0x00, 0x00, 0x24, 0xf8,
  0x00, 0x00, 0x00, 0x00, 0x00, 0x00, 0x00, 0x35, 0xba, 0xe5, 0xe3, 0xa8, 0x1d, 0x00, 0x00, 0x2d, 0xeb, 0x53, 0x00, 0x04,
  0x73, 0xe0, 0x0f, 0x00, 0xb2, 0x77, 0x00, 0x00, 0x00, 0x00, 0xa6, 0x7e, 0x05, 0xf7, 0x20, 0x00, 0x00, 0x00, 0x00, 0x4e,
  0xca, 0x1a, 0xfd, 0x02, 0x00, 0x00, 0x00, 0x00, 0x2c, 0xe9, 0x13, 0xff, 0x04, 0x00, 0x00, 0x00, 0x00, 0x31, 0xe4, 0x00,
  0xf2, 0x2d, 0x00, 0x00, 0x00, 0x00, 0x5c, 0xc5, 0x00, 0x9b, 0x96, 0x00, 0x00, 0x00, 0x01, 0xc2, 0x70, 0x00, 0x20, 0xec,
  0x8b, 0x2b, 0x33, 0xa9, 0xd0, 0x0c, 0x00, 0x00, 0x23, 0xa2, 0xeb, 0xff, 0xa5, 0x15, 0x00, 0x00, 0x00, 0x00, 0x00, 0x0b,
  0x73, 0xd2, 0xd1, 0x74, 0x00, 0x00, 0x00, 0x00, 0x00, 0x00, 0x00, 0x1b, 0x26, 0x24, 0xff, 0xe4, 0xe5, 0xe4, 0xa6, 0x16,
  0x00, 0x24, 0xf8, 0x00, 0x00, 0x0a, 0xa5, 0xa9, 0x00, 0x24, 0xf8, 0x00, 0x00, 0x00, 0x33, 0xe6, 0x00, 0x24, 0xf8, 0x00,
  0x00, 0x00, 0x3d, 0xdd, 0x00, 0x24, 0xf8, 0x00, 0x00, 0x14, 0xb9, 0x7e, 0x00, 0x24, 0xff, 0xe0, 0xea, 0xff, 0x98, 0x02,
  0x00, 0x24, 0xf8, 0x00, 0x03, 0x88, 0xe4, 0x06, 0x00, 0x24, 0xf8, 0x00, 0x00, 0x0b, 0xef, 0x56, 0x00, 0x24, 0xf8, 0x00,
  0x00, 0x00, 0x8f, 0xbb, 0x00, 0x24, 0xf8, 0x00, 0x00, 0x00, 0x24, 0xfc, 0x22, 0x00, 0x3d, 0xd1, 0xe5, 0xc0, 0x28, 0x02,
  0xe8, 0x3f, 0x00, 0x63, 0x80, 0x19, 0xfe, 0x09, 0x00, 0x00, 0x00, 0x03, 0xe1, 0xa9, 0x0e, 0x00, 0x00, 0x00, 0x34, 0xe8,
  0xe5, 0x48, 0x00, 0x00, 0x00, 0x12, 0xa0, 0xfd, 0x51, 0x00, 0x00, 0x00, 0x00, 0x85, 0xd1, 0x00, 0x06, 0x00, 0x00, 0x2f,
  0xeb, 0x36, 0xd2, 0x1d, 0x00, 0x81, 0xab, 0x01, 0x7c, 0xe1, 0xe7, 0xb5, 0x17, 0xd9, 0xe4, 0xe7, 0xff, 0xe4, 0xe4, 0xae,
  0x00, 0x00, 0x24, 0xf8, 0x00, 0x00, 0x00, 0x00, 0x00, 0x24, 0xf8, 0x00, 0x00, 0x00, 0x00, 0x00, 0x24, 0xf8, 0x00, 0x00,
  0x00, 0x00, 0x00, 0x24, 0xf8, 0x00, 0x00, 0x00, 0x00, 0x00, 0x24, 0xf8, 0x00, 0x00, 0x00, 0x00, 0x00, 0x24, 0xf8, 0x00,
  0x00, 0x00, 0x00, 0x00, 0x24, 0xf8, 0x00, 0x00, 0x00, 0x00, 0x00, 0x24, 0xf8, 0x00, 0x00, 0x00, 0x00, 0x00, 0x24, 0xf8,
  0x00, 0x00, 0x00, 0x24, 0xf8, 0x00, 0x00, 0x00, 0x24, 0xf4, 0x24, 0xf8, 0x00, 0x00, 0x00, 0x24, 0xf4, 0x24, 0xf8, 0x00,
  0x00, 0x00, 0x24, 0xf4, 0x24, 0xf8, 0x00, 0x00, 0x00, 0x24, 0xf4, 0x24, 0xf8, 0x00, 0x00, 0x00, 0x24, 0xf4, 0x24, 0xf8,
  0x00, 0x00, 0x00, 0x24, 0xf4, 0x16, 0xfe, 0x03, 0x00, 0x00, 0x2e, 0xe5, 0x01, 0xf5, 0x26, 0x00, 0x00, 0x52, 0xc5, 0x00,
  0x9a, 0xa5, 0x05, 0x0e, 0xc7, 0x65, 0x00, 0x0e, 0xa2, 0xe3, 0xe9, 0x8e, 0x03, 0xa1, 0xa4, 0x00, 0x00, 0x00, 0x00, 0xd2,
  0x73, 0x51, 0xec, 0x02, 0x00, 0x00, 0x1d, 0xff, 0x24, 0x0a, 0xf6, 0x3a, 0x00, 0x00, 0x68, 0xd4, 0x00, 0x00, 0xb2, 0x84,
  0x00, 0x00, 0xb3, 0x85, 0x00, 0x00, 0x62, 0xcf, 0x00, 0x08, 0xf5, 0x35, 0x00, 0x00, 0x15, 0xfc, 0x1a, 0x49, 0xe4, 0x01,
  0x00, 0x00, 0x00, 0xc3, 0x64, 0x95, 0x96, 0x00, 0x00, 0x00, 0x00, 0x73, 0xaf, 0xdf, 0x46, 0x00, 0x00, 0x00, 0x00, 0x23,
  0xfb, 0xf1, 0x06, 0x00, 0x00, 0x00, 0x00, 0x00, 0xd4, 0xa7, 0x00, 0x00, 0x00, 0x90, 0xb7, 0x00, 0x00, 0x53, 0xff, 0x1e,
  0x00, 0x00, 0xed, 0x57, 0x5f, 0xe0, 0x00, 0x00, 0x8f, 0xfd, 0x5a, 0x00, 0x16, 0xff, 0x27, 0x2e, 0xfe, 0x0a, 0x00, 0xcc,
  0xaa, 0x96, 0x00, 0x3f, 0xf4, 0x02, 0x04, 0xf8, 0x31, 0x0c, 0xf3, 0x37, 0xd3, 0x00, 0x68, 0xc6, 0x00, 0x00, 0xcd, 0x5a,
  0x45, 0xc1, 0x02, 0xee, 0x11, 0x92, 0x95, 0x00, 0x00, 0x9c, 0x82, 0x82, 0x84, 0x00, 0xb5, 0x4b, 0xbb, 0x65, 0x00, 0x00,
  0x6b, 0xab, 0xbe, 0x46, 0x00, 0x77, 0x88, 0xe4, 0x35, 0x00, 0x00, 0x3a, 0xd9, 0xf1, 0x0d, 0x00, 0x3a, 0xd2, 0xfb, 0x08,
  0x00, 0x00, 0x0b, 0xfd, 0xcb, 0x00, 0x00, 0x05, 0xf6, 0xd4, 0x00, 0x00, 0x00, 0x00, 0xd8, 0x8e, 0x00, 0x00, 0x00, 0xbf,
  0xa4, 0x00, 0x00, 0x2a, 0xfb, 0x35, 0x00, 0x00, 0x55, 0xf2, 0x16, 0x00, 0x9b, 0xb6, 0x00, 0x02, 0xd4, 0x7b, 0x00, 0x00,
  0x19, 0xf4, 0x37, 0x58, 0xe4, 0x0a, 0x00, 0x00, 0x00, 0x83, 0xba, 0xd6, 0x61, 0x00, 0x00, 0x00, 0x00, 0x0d, 0xec, 0xd4,
  0x02, 0x00, 0x00, 0x00, 0x00, 0x22, 0xf9, 0xe9, 0x0d, 0x00, 0x00, 0x00, 0x00, 0xa9, 0xa2, 0xc2, 0x82, 0x00, 0x00, 0x00,
  0x35, 0xf9, 0x22, 0x3c, 0xf4, 0x19, 0x00, 0x00, 0xbf, 0x97, 0x00, 0x00, 0xb6, 0x9a, 0x00, 0x4a, 0xf7, 0x1b, 0x00, 0x00,
  0x30, 0xfa, 0x29, 0xcd, 0x80, 0x00, 0x00, 0x00, 0xb2, 0x9e, 0x53, 0xea, 0x08, 0x00, 0x25, 0xfb, 0x26, 0x01, 0xd5, 0x65,
  0x00, 0x96, 0xa8, 0x00, 0x00, 0x5c, 0xd6, 0x13, 0xf4, 0x2f, 0x00, 0x00, 0x03, 0xdd, 0xbd, 0xb3, 0x00, 0x00, 0x00, 0x00,
  0x66, 0xff, 0x39, 0x00, 0x00, 0x00, 0x00, 0x24, 0xf8, 0x00, 0x00, 0x00, 0x00, 0x00, 0x24, 0xf8, 0x00, 0x00, 0x00, 0x00,
  0x00, 0x24, 0xf8, 0x00, 0x00, 0x00, 0x00, 0x00, 0x24, 0xf8, 0x00, 0x00, 0x00, 0xe4, 0xe4, 0xe4, 0xe4, 0xf2, 0xf5, 0x00,
  0x00, 0x00, 0x01, 0xd0, 0x7e, 0x00, 0x00, 0x00, 0x5a, 0xe2, 0x09, 0x00, 0x00, 0x04, 0xdc, 0x58, 0x00, 0x00, 0x00, 0x68,
  0xc5, 0x00, 0x00, 0x00, 0x09, 0xe3, 0x34, 0x00, 0x00, 0x00, 0x77, 0x9f, 0x00, 0x00, 0x00, 0x0f, 0xe1, 0x19, 0x00, 0x00,
  0x00, 0x86, 0x79, 0x00, 0x00, 0x00, 0x00, 0xf5, 0xe8, 0xe4, 0xe4, 0xe4, 0xe4, 0x24, 0xff, 0xe4, 0x99, 0x24, 0xf8, 0x00,
  0x00, 0x24, 0xf8, 0x00, 0x00, 0x24, 0xf8, 0x00, 0x00, 0x24, 0xf8, 0x00, 0x00, 0x24, 0xf8, 0x00, 0x00, 0x24, 0xf8, 0x00,
  0x00, 0x24, 0xf8, 0x00, 0x00, 0x24, 0xf8, 0x00, 0x00, 0x24, 0xf8, 0x00, 0x00, 0x21, 0xef, 0xe0, 0x96, 0x1b, 0xea, 0x0f,
  0x00, 0x00, 0x00, 0x00, 0x00, 0x9c, 0x78, 0x00, 0x00, 0x00, 0x00, 0x00, 0x26, 0xe5, 0x08, 0x00, 0x00, 0x00, 0x00, 0x00,
  0xab, 0x69, 0x00, 0x00, 0x00, 0x00, 0x00, 0x32, 0xdd, 0x03, 0x00, 0x00, 0x00, 0x00, 0x00, 0xba, 0x59, 0x00, 0x00, 0x00,
  0x00, 0x00, 0x42, 0xd1, 0x00, 0x00, 0x00, 0x00, 0x00, 0x00, 0xc9, 0x4a, 0x00, 0x00, 0x00, 0x00, 0x00, 0x51, 0xc3, 0x00,
  0x00, 0x00, 0x00, 0x00, 0x01, 0xd7, 0x3b, 0x00, 0x00, 0x00, 0x00, 0x00, 0x3f, 0x4a, 0xc0, 0xe7, 0xf8, 0x00, 0x24, 0xf8,
  0x00, 0x24, 0xf8, 0x00, 0x24, 0xf8, 0x00, 0x24, 0xf8, 0x00, 0x24, 0xf8, 0x00, 0x24, 0xf8, 0x00, 0x24, 0xf8, 0x00, 0x24,
  0xf8, 0x00, 0x24, 0xf8, 0xbd, 0xe2, 0xe8, 0x00, 0x00, 0x00, 0x63, 0x33, 0x00, 0x00, 0x00, 0x00, 0x1d, 0xf5, 0xb8, 0x00,
  0x00, 0x00, 0x00, 0x86, 0x82, 0xdd, 0x25, 0x00, 0x00, 0x07, 0xe7, 0x1b, 0x78, 0x90, 0x00, 0x00, 0x60, 0xae, 0x00, 0x15,
  0xea, 0x0c, 0x00, 0xcc, 0x45, 0x00, 0x00, 0xa6, 0x69, 0x3a, 0xdb, 0x01, 0x00, 0x00, 0x3d, 0xd4, 0xe4, 0xe4, 0xe4, 0xe4,
  0x2e, 0x72, 0x9f, 0x00, 0x02, 0xc5, 0x2a, 0x00, 0x3d, 0xcd, 0xe6, 0xcb, 0x2e, 0x00, 0x00, 0x99, 0x36, 0x00, 0x7c, 0xc4,
  0x00, 0x00, 0x00, 0x00, 0x00, 0x2b, 0xf0, 0x00, 0x00, 0x4d, 0xc9, 0xdf, 0xe4, 0xf4, 0x00, 0x0a, 0xf8, 0x3e, 0x00, 0x25,
  0xf4, 0x00, 0x0f, 0xfc, 0x20, 0x02, 0x83, 0xf4, 0x00, 0x00, 0x6c, 0xe6, 0xde, 0x5d, 0xf0, 0x09, 0x24, 0xf8, 0x00, 0x00,
  0x00, 0x00, 0x00, 0x24, 0xf8, 0x00, 0x00, 0x00, 0x00, 0x00, 0x24, 0xf8, 0x00, 0x00, 0x00, 0x00, 0x00, 0x24, 0xf8, 0x71,
  0xe0, 0xe5, 0x93, 0x07, 0x24, 0xff, 0x90, 0x03, 0x0d, 0xc1, 0x7f, 0x24, 0xfe, 0x0d, 0x00, 0x00, 0x46, 0xd4, 0x24, 0xf8,
  0x00, 0x00, 0x00, 0x2b, 0xea, 0x24, 0xfd, 0x08, 0x00, 0x00, 0x4c, 0xcd, 0x24, 0xfc, 0x82, 0x02, 0x0e, 0xc5, 0x71, 0x29,
  0xdb, 0x72, 0xdd, 0xe4, 0x8b, 0x04, 0x00, 0x11, 0xa4, 0xe3, 0xe3, 0x8b, 0x03, 0x00, 0xa8, 0xa1, 0x05, 0x0a, 0x9a, 0x1d,
  0x05, 0xfc, 0x1d, 0x00, 0x00, 0x00, 0x00, 0x1b, 0xfd, 0x01, 0x00, 0x00, 0x00, 0x00, 0x05, 0xfc, 0x1d, 0x00, 0x00, 0x00,
  0x00, 0x00, 0xa8, 0xa1, 0x05, 0x0c, 0x98, 0x1d, 0x00, 0x12, 0xa4, 0xe4, 0xe8, 0x8e, 0x03, 0x00, 0x00, 0x00, 0x00, 0x00,
  0x24, 0xf4, 0x00, 0x00, 0x00, 0x00, 0x00, 0x24, 0xf4, 0x00, 0x00, 0x00, 0x00, 0x00, 0x24, 0xf4, 0x00, 0x13, 0xac, 0xea,
  0xdb, 0x76, 0xf4, 0x00, 0xb1, 0x9e, 0x04, 0x0c, 0xb6, 0xf4, 0x0c, 0xfd, 0x1a, 0x00, 0x00, 0x38, 0xf4, 0x1c, 0xfd, 0x01,
  0x00, 0x00, 0x24, 0xf4, 0x03, 0xfa, 0x1f, 0x00, 0x00, 0x32, 0xf4, 0x00, 0xa2, 0xa2, 0x05, 0x08, 0xa4, 0xf4, 0x00, 0x10,
  0xa7, 0xe6, 0xd7, 0x59, 0xf9, 0x00, 0x0e, 0x9b, 0xde, 0xe1, 0x91, 0x07, 0x00, 0xa1, 0xa1, 0x05, 0x08, 0xac, 0x7e, 0x04,
  0xfb, 0x23, 0x00, 0x00, 0x36, 0xd5, 0x1b, 0xff, 0xe1, 0xe0, 0xe0, 0xe2, 0xe4, 0x04, 0xfb, 0x25, 0x00, 0x00, 0x00, 0x00,
  0x00, 0xa4, 0xa5, 0x07, 0x05, 0x71, 0x5f, 0x00, 0x0f, 0x9d, 0xe0, 0xeb, 0xae, 0x1d, 0x00, 0x00, 0x6c, 0xe5, 0xd6, 0x0e,
  0x00, 0x0b, 0xfb, 0x25, 0x0b, 0x00, 0x00, 0x23, 0xf8, 0x00, 0x00, 0x00, 0x31, 0xe7, 0xff, 0xe4, 0xbc, 0x00, 0x00, 0x24,
  0xf8, 0x00, 0x00, 0x00, 0x00, 0x24, 0xf8, 0x00, 0x00, 0x00, 0x00, 0x24, 0xf8, 0x00, 0x00, 0x00, 0x00, 0x24, 0xf8, 0x00,
  0x00, 0x00, 0x00, 0x24, 0xf8, 0x00, 0x00, 0x00, 0x00, 0x24, 0xf8, 0x00, 0x00, 0x00, 0x00, 0x18, 0xb1, 0xe9, 0xd4, 0x5b,
  0xf4, 0x00, 0xb4, 0xa1, 0x05, 0x09, 0xaf, 0xf4, 0x07, 0xfe, 0x1c, 0x00, 0x00, 0x3a, 0xf4, 0x1b, 0xfd, 0x01, 0x00, 0x00,
  0x24, 0xf4, 0x04, 0xfb, 0x1e, 0x00, 0x00, 0x33, 0xf4, 0x00, 0xa7, 0xa1, 0x05, 0x07, 0xa5, 0xf4, 0x00, 0x12, 0xaa, 0xe7,
  0xd9, 0x7c, 0xf1, 0x00, 0x00, 0x00, 0x00, 0x00, 0x46, 0xd5, 0x00, 0x29, 0x18, 0x00, 0x10, 0xc0, 0x84, 0x00, 0x60, 0xd7,
  0xe4, 0xe0, 0x8f, 0x09, 0x24, 0xf8, 0x00, 0x00, 0x00, 0x00, 0x00, 0x24, 0xf8, 0x00, 0x00, 0x00, 0x00, 0x00, 0x24, 0xf8,
  0x00, 0x00, 0x00, 0x00, 0x00, 0x24, 0xf8, 0x59, 0xd5, 0xe7, 0xb3, 0x15, 0x24, 0xfe, 0xb6, 0x0d, 0x02, 0xa0, 0x9f, 0x24,
  0xff, 0x19, 0x00, 0x00, 0x35, 0xe0, 0x24, 0xf8, 0x00, 0x00, 0x00, 0x24, 0xf3, 0x24, 0xf8, 0x00, 0x00, 0x00, 0x24, 0xf4,
  0x24, 0xf8, 0x00, 0x00, 0x00, 0x24, 0xf4, 0x24, 0xf8, 0x00, 0x00, 0x00, 0x24, 0xf4, 0x0e, 0xc6, 0x0a, 0xa2, 0x00, 0x00,
  0x24, 0xf4, 0x24, 0xf4, 0x24, 0xf4, 0x24, 0xf4, 0x24, 0xf4, 0x24, 0xf4, 0x24, 0xf4, 0x00, 0x0e, 0xc2, 0x00, 0x09, 0x9d,
  0x00, 0x00, 0x00, 0x00, 0x24, 0xf4, 0x00, 0x24, 0xf4, 0x00, 0x24, 0xf4, 0x00, 0x24, 0xf4, 0x00, 0x24, 0xf4, 0x00, 0x24,
  0xf4, 0x00, 0x24, 0xf4, 0x00, 0x29, 0xec, 0x00, 0x64, 0xc4, 0x8f, 0xd7, 0x3c, 0x24, 0xf8, 0x00, 0x00, 0x00, 0x00, 0x00,
  0x24, 0xf8, 0x00, 0x00, 0x00, 0x00, 0x00, 0x24, 0xf8, 0x00, 0x00, 0x00, 0x00, 0x00, 0x24, 0xf8, 0x00, 0x01, 0xa1, 0xae,
  0x03, 0x24, 0xf8, 0x00, 0x90, 0xbd, 0x07, 0x00, 0x24, 0xf8, 0x7f, 0xde, 0x0d, 0x00, 0x00, 0x24, 0xff, 0xd7, 0xf0, 0x2f,
  0x00, 0x00, 0x24, 0xfc, 0x1b, 0x76, 0xc7, 0x01, 0x00, 0x24, 0xf8, 0x00, 0x05, 0xd4, 0x67, 0x00, 0x24, 0xf8, 0x00, 0x00,
  0x3e, 0xed, 0x16, 0x24, 0xf8, 0x00, 0x00, 0x24, 0xf8, 0x00, 0x00, 0x24, 0xf8, 0x00, 0x00, 0x24, 0xf8, 0x00, 0x00, 0x24,
  0xf8, 0x00, 0x00, 0x24, 0xf8, 0x00, 0x00, 0x24, 0xf8, 0x00, 0x00, 0x24, 0xf8, 0x00, 0x00, 0x1d, 0xfc, 0x08, 0x01, 0x01,
  0xb9, 0xea, 0x4a, 0x2d, 0xd0, 0x77, 0xe0, 0xdd, 0x35, 0x92, 0xe5, 0xcf, 0x2a, 0x25, 0xf5, 0x84, 0x00, 0x7a, 0xee, 0x68,
  0x00, 0x82, 0xb9, 0x24, 0xfe, 0x0f, 0x00, 0x2d, 0xfc, 0x04, 0x00, 0x2d, 0xea, 0x24, 0xf8, 0x00, 0x00, 0x24, 0xf4, 0x00,
  0x00, 0x24, 0xf4, 0x24, 0xf8, 0x00, 0x00, 0x24, 0xf4, 0x00, 0x00, 0x24, 0xf4, 0x24, 0xf8, 0x00, 0x00, 0x24, 0xf4, 0x00,
  0x00, 0x24, 0xf4, 0x24, 0xf8, 0x00, 0x00, 0x24, 0xf4, 0x00, 0x00, 0x24, 0xf4, 0x2a, 0xde, 0x70, 0xdf, 0xda, 0x31, 0x25,
  0xf8, 0x8d, 0x00, 0x79, 0xb6, 0x24, 0xff, 0x17, 0x00, 0x30, 0xe4, 0x24, 0xf9, 0x00, 0x00, 0x24, 0xf3, 0x24, 0xf8, 0x00,
  0x00, 0x24, 0xf4, 0x24, 0xf8, 0x00, 0x00, 0x24, 0xf4, 0x24, 0xf8, 0x00, 0x00, 0x24, 0xf4, 0x00, 0x11, 0xa7, 0xe9, 0xde,
  0x80, 0x03, 0x00, 0xab, 0xa3, 0x05, 0x10, 0xc7, 0x6e, 0x0a, 0xfb, 0x1d, 0x00, 0x00, 0x4b, 0xce, 0x1e, 0xfd, 0x01, 0x00,
  0x00, 0x2c, 0xea, 0x0a, 0xfb, 0x1e, 0x00, 0x00, 0x4b, 0xce, 0x00, 0xab, 0xa3, 0x05, 0x10, 0xc7, 0x6f, 0x00, 0x10, 0xa7,
  0xe9, 0xdf, 0x83, 0x03, 0x24, 0xd4, 0x70, 0xdc, 0xe5, 0x93, 0x06, 0x24, 0xfb, 0x8b, 0x03, 0x0d, 0xc1, 0x7a, 0x24, 0xfd,
  0x09, 0x00, 0x00, 0x47, 0xd2, 0x24, 0xf8, 0x00, 0x00, 0x00, 0x2c, 0xec, 0x24, 0xfe, 0x0c, 0x00, 0x00, 0x4e, 0xd5, 0x24,
  0xff, 0x8d, 0x02, 0x10, 0xc9, 0x7b, 0x24, 0xf8, 0x83, 0xe4, 0xea, 0x90, 0x05, 0x24, 0xf8, 0x00, 0x00, 0x00, 0x00, 0x00,
  0x24, 0xf8, 0x00, 0x00, 0x00, 0x00, 0x00, 0x24, 0xf8, 0x00, 0x00, 0x00, 0x00, 0x00, 0x00, 0x14, 0xac, 0xe7, 0xd8, 0x5b,
  0xf4, 0x00, 0xac, 0x9b, 0x03, 0x0b, 0xae, 0xf4, 0x05, 0xfc, 0x19, 0x00, 0x00, 0x33, 0xf4, 0x1d, 0xfd, 0x01, 0x00, 0x00,
  0x24, 0xf4, 0x0a, 0xfb, 0x20, 0x00, 0x00, 0x38, 0xf4, 0x00, 0xae, 0xa5, 0x05, 0x0b, 0xb2, 0xf4, 0x00, 0x14, 0xb0, 0xec,
  0xd9, 0x67, 0xf4, 0x00, 0x00, 0x00, 0x00, 0x00, 0x24, 0xf4, 0x00, 0x00, 0x00, 0x00, 0x00, 0x24, 0xf4, 0x00, 0x00, 0x00,
  0x00, 0x00, 0x24, 0xf4, 0x00, 0x00, 0x00, 0x00, 0x04, 0x2a, 0xdd, 0x60, 0xde, 0x5f, 0x25, 0xf5, 0xad, 0x0b, 0x00, 0x24,
  0xff, 0x26, 0x00, 0x00, 0x24, 0xfb, 0x00, 0x00, 0x00, 0x24, 0xf8, 0x00, 0x00, 0x00, 0x24, 0xf8, 0x00, 0x00, 0x00, 0x24,
  0xf8, 0x00, 0x00, 0x00, 0x00, 0x81, 0xea, 0xdb, 0x35, 0x15, 0xfe, 0x17, 0x24, 0x3f, 0x06, 0xe4, 0x8a, 0x0f, 0x00, 0x00,
  0x1f, 0xa6, 0xeb, 0x4e, 0x00, 0x00, 0x00, 0x54, 0xe0, 0x0f, 0x6c, 0x03, 0x57, 0xd6, 0x06, 0xa3, 0xea, 0xd8, 0x40, 0x00,
  0x00, 0x0a, 0x00, 0x00, 0x00, 0x1e, 0xef, 0x00, 0x00, 0x00, 0x24, 0xf8, 0x00, 0x00, 0x47, 0xe7, 0xff, 0xe4, 0xc0, 0x00,
  0x24, 0xf8, 0x00, 0x00, 0x00, 0x24, 0xf8, 0x00, 0x00, 0x00, 0x24, 0xf8, 0x00, 0x00, 0x00, 0x23, 0xf8, 0x00, 0x00, 0x00,
  0x0b, 0xfb, 0x23, 0x01, 0x00, 0x00, 0x77, 0xea, 0xda, 0x24, 0xf8, 0x00, 0x00, 0x24, 0xf4, 0x00, 0x24, 0xf8, 0x00, 0x00,
  0x24, 0xf4, 0x00, 0x24, 0xf8, 0x00, 0x00, 0x24, 0xf4, 0x00, 0x24, 0xf8, 0x00, 0x00, 0x25, 0xf4, 0x00, 0x17, 0xfe, 0x03,
  0x00, 0x45, 0xf4, 0x00, 0x01, 0xe7, 0x4b, 0x06, 0xae, 0xf6, 0x00, 0x00, 0x54, 0xe6, 0xd6, 0x4e, 0xfa, 0x09, 0xaf, 0x71,
  0x00, 0x00, 0x3a, 0xe4, 0x02, 0x55, 0xc6, 0x00, 0x00, 0x8c, 0x8c, 0x00, 0x08, 0xf0, 0x1c, 0x00, 0xde, 0x32, 0x00, 0x00,
  0xa0, 0x6f, 0x32, 0xd7, 0x00, 0x00, 0x00, 0x46, 0xc3, 0x85, 0x7d, 0x00, 0x00, 0x00, 0x03, 0xe6, 0xe3, 0x23, 0x00, 0x00,
  0x00, 0x00, 0x91, 0xc9, 0x00, 0x00, 0x00, 0xbf, 0x64, 0x00, 0x4f, 0xf4, 0x06, 0x00, 0xb6, 0x6d, 0x83, 0x97, 0x00, 0x95,
  0xdb, 0x41, 0x00, 0xe8, 0x32, 0x48, 0xca, 0x00, 0xd2, 0x5c, 0x88, 0x1b, 0xf3, 0x03, 0x0e, 0xf5, 0x25, 0xba, 0x0f, 0xca,
  0x4d, 0xbb, 0x00, 0x00, 0xd1, 0x96, 0x74, 0x00, 0xc3, 0x97, 0x80, 0x00, 0x00, 0x95, 0xf7, 0x2d, 0x00, 0x7e, 0xf7, 0x44,
  0x00, 0x00, 0x5a, 0xe6, 0x00, 0x00, 0x37, 0xfc, 0x0c, 0x00, 0x62, 0xcf, 0x02, 0x03, 0xd4, 0x5c, 0x01, 0xc4, 0x5f, 0x66,
  0xbf, 0x00, 0x00, 0x2d, 0xdf, 0xe2, 0x29, 0x00, 0x00, 0x00, 0xbc, 0xb8, 0x00, 0x00, 0x00, 0x41, 0xcd, 0xd3, 0x3f, 0x00,
  0x09, 0xdb, 0x3f, 0x45, 0xd9, 0x08, 0x8a, 0xac, 0x00, 0x00, 0xb2, 0x86, 0xa3, 0x88, 0x00, 0x00, 0x79, 0xb2, 0x47, 0xda,
  0x00, 0x00, 0xc1, 0x5f, 0x03, 0xe8, 0x2c, 0x0d, 0xf5, 0x11, 0x00, 0x90, 0x7d, 0x51, 0xb9, 0x00, 0x00, 0x35, 0xcf, 0x99,
  0x67, 0x00, 0x00, 0x00, 0xd8, 0xeb, 0x17, 0x00, 0x00, 0x00, 0x82, 0xc1, 0x00, 0x00, 0x00, 0x00, 0xae, 0x67, 0x00, 0x00,
  0x00, 0x4c, 0xe2, 0x0b, 0x00, 0x00, 0xe1, 0xcf, 0x32, 0x00, 0x00, 0x00, 0xb9, 0xe4, 0xe4, 0xec, 0xf5, 0x00, 0x00, 0x00,
  0x00, 0xb2, 0x6e, 0x00, 0x00, 0x00, 0x61, 0xc1, 0x01, 0x00, 0x00, 0x1d, 0xe5, 0x22, 0x00, 0x00, 0x01, 0xbb, 0x6c, 0x00,
  0x00, 0x00, 0x6b, 0xbe, 0x01, 0x00, 0x00, 0x00, 0xf4, 0xee, 0xe4, 0xe4, 0xe4, 0x20, 0x00, 0x00, 0x92, 0xea, 0x31, 0x00,
  0x14, 0xfd, 0x11, 0x00, 0x00, 0x24, 0xf8, 0x00, 0x00, 0x00, 0x24, 0xf8, 0x00, 0x00, 0x00, 0x48, 0xe5, 0x00, 0x00, 0x03,
  0xfd, 0x7b, 0x00, 0x00, 0x00, 0x47, 0xe3, 0x00, 0x00, 0x00, 0x24, 0xf8, 0x00, 0x00, 0x00, 0x24, 0xf8, 0x00, 0x00, 0x00,
  0x12, 0xfd, 0x11, 0x00, 0x00, 0x00, 0x85, 0xde, 0x31, 0x24, 0xf8, 0x24, 0xf8, 0x24, 0xf8, 0x24, 0xf8, 0x24, 0xf8, 0x24,
  0xf8, 0x24, 0xf8, 0x24, 0xf8, 0x24, 0xf8, 0x24, 0xf8, 0x24, 0xf8, 0x24, 0xf8, 0x55, 0xe9, 0x69, 0x00, 0x00, 0x3b, 0xe7,
  0x00, 0x00, 0x24, 0xf8, 0x00, 0x00, 0x24, 0xf8, 0x00, 0x00, 0x12, 0xfd, 0x1d, 0x00, 0x00, 0xaa, 0xcd, 0x00, 0x12, 0xfd,
  0x1c, 0x00, 0x24, 0xf8, 0x00, 0x00, 0x24, 0xf8, 0x00, 0x00, 0x3b, 0xe5, 0x00, 0x54, 0xdb, 0x5f, 0x00, 0x6a, 0xde, 0xc4,
  0x5a, 0x04, 0x98, 0x6c, 0xe4, 0x21, 0x21, 0x94, 0xdf, 0xc3, 0x17, 0x00, 0x62, 0xda, 0xd0, 0x3e, 0x0d, 0xfb, 0x29, 0x4f,
  0xd8, 0x0e, 0xfa, 0x2a, 0x52, 0xd8, 0x00, 0x62, 0xdb, 0xd1, 0x3e, 0x09, 0xb0, 0x13, 0x00, 0x00, 0x24, 0xab, 0x01, 0x00,
  0x81, 0xc8, 0x0a, 0x19, 0xdd, 0x63, 0x00, 0x00, 0x00, 0x9b, 0xb6, 0xd1, 0x7b, 0x00, 0x00, 0x00, 0x00, 0x0d, 0xf0, 0xda,
  0x02, 0x00, 0x00, 0x00, 0x03, 0xb1, 0xa4, 0xc2, 0x95, 0x00, 0x00, 0x00, 0x97, 0xb8, 0x05, 0x10, 0xd1, 0x7a, 0x00, 0x09,
  0x99, 0x0b, 0x00, 0x00, 0x19, 0x97, 0x01, 0x00, 0x5c, 0xdc, 0xed, 0xb1, 0x17, 0x35, 0xd7, 0x1e, 0x05, 0x9f, 0xa8, 0x6d,
  0xcf, 0x64, 0x00, 0x31, 0xe7, 0x00, 0xaf, 0x6c, 0x00, 0x24, 0xf4, 0x19, 0xf9, 0x04, 0x00, 0x24, 0xf4, 0x24, 0xf4, 0x00,
  0x00, 0x24, 0xf4, 0x24, 0xf4, 0x00, 0x00, 0x24, 0xf4, 0x24, 0xf4, 0x00, 0x00, 0x24, 0xf4, 0x0b, 0xaa, 0xea, 0xdd, 0x4f,
  0x24, 0xf4, 0x78, 0xfd, 0xad, 0x58, 0xe1, 0x24, 0xf4, 0x99, 0x27, 0xf4, 0x50, 0xcf, 0x24, 0xf4, 0x3d, 0xe5, 0xa5, 0xbd,
  0x59, 0x24, 0xf4, 0x00, 0x00, 0x19, 0xfa, 0x03, 0x24, 0xf4, 0x00, 0x00, 0x24, 0xf4, 0x00, 0x24, 0xf4, 0x00, 0x00, 0x14,
  0xfd, 0x20, 0x50, 0xe1, 0x00, 0x00, 0x00, 0x85, 0xee, 0xe7, 0x58, 0x00, 0x06, 0x01, 0x08, 0x00, 0x00, 0x00, 0x16, 0xda,
  0x97, 0xe7, 0x7c, 0x24, 0xf4, 0x7f, 0x9e, 0x81, 0x4a, 0xe8, 0x24, 0xf4, 0x9a, 0xf0, 0xaa, 0x2f, 0xd0, 0x24, 0xf4, 0x3e,
  0xe0, 0xa7, 0x99, 0x6f, 0x24, 0xf4, 0x00, 0x00, 0x0a, 0xf6, 0x0f, 0x24, 0xf4, 0x00, 0x00, 0x23, 0xf4, 0x00, 0x24, 0xf4,
  0x00, 0x00, 0x13, 0xfd, 0x22, 0x50, 0xe1, 0x00, 0x00, 0x00, 0x84, 0xee, 0xe7, 0x58, 0x00, 0x1d, 0xac, 0xea, 0xe9, 0xa7,
  0x15, 0x00, 0xc8, 0x8f, 0x08, 0x0a, 0xa3, 0xab, 0x12, 0xfd, 0x0a, 0xab, 0xd4, 0x3c, 0xeb, 0x08, 0xf6, 0x5a, 0x67, 0xc0,
  0x5c, 0xf4, 0x00, 0xa3, 0xe0, 0xaa, 0xd7, 0x31, 0xf4, 0x00, 0x4a, 0xff, 0x16, 0x00, 0x24, 0xf4, 0x00, 0x24, 0xf7, 0x00,
  0x00, 0x24, 0xf4, 0x00, 0x24, 0xf4, 0x00, 0x00, 0x24, 0xf4, 0x00, 0x0b, 0x88, 0x74, 0x1f, 0xa5, 0x1c, 0x00, 0xb4, 0x97,
  0x8c, 0xc9, 0x9c, 0xae, 0x11, 0xfc, 0x04, 0x00, 0x0e, 0x33, 0xe9, 0x0b, 0xfb, 0x35, 0xc5, 0xdb, 0x39, 0xf4, 0x00, 0xab,
  0xe7, 0x9d, 0xdd, 0x3a, 0xf4, 0x00, 0x4f, 0xff, 0x10, 0x00, 0x24, 0xf4, 0x00, 0x24, 0xf6, 0x00, 0x00, 0x24, 0xf4, 0x00,
  0x24, 0xf4, 0x00, 0x00, 0x24, 0xf4, 0x00, 0x05, 0x00, 0x09, 0x00, 0x00, 0x00, 0x0a, 0xd0, 0x92, 0xf2, 0x73, 0x24, 0xf4,
  0x66, 0x95, 0x87, 0x54, 0xe7, 0x24, 0xf4, 0x98, 0xf4, 0x7c, 0x4b, 0xc7, 0x24, 0xf4, 0x91, 0x2f, 0xbb, 0xbc, 0x51, 0x24,
  0xf4, 0x30, 0xe3, 0x99, 0xe4, 0x00, 0x24, 0xf4, 0x00, 0x2f, 0xe3, 0xfc, 0xae, 0x41, 0xf4, 0x00, 0x7d, 0x57, 0xb2, 0x89,
  0xda, 0xf4, 0x00, 0x2f, 0xe3, 0xd1, 0x11, 0x60, 0xf4, 0x00, 0x00, 0x49, 0xed, 0x8f, 0x00, 0x00, 0x8f, 0x1e, 0xec, 0x00,
  0x00, 0x4b, 0xec, 0xf4, 0x1e, 0x3a, 0x00, 0x24, 0xf4, 0x2d, 0xde, 0x23, 0x24, 0xf4, 0x00, 0x49, 0xd4, 0x35, 0xf4, 0x00,
  0x00, 0x69, 0xd7, 0xf4, 0x00, 0x00, 0x00, 0x8e, 0xf4, 0x04, 0x8b, 0xe5, 0xee, 0xbe, 0x29, 0x7c, 0xc3, 0x16, 0x02, 0x7b,
  0xca, 0x3f, 0x22, 0x00, 0x00, 0x25, 0xf3, 0x0a, 0xcb, 0xd4, 0x12, 0x24, 0xf4, 0x0a, 0xcd, 0xed, 0x5e, 0x24, 0xf4, 0x00,
  0x00, 0x64, 0x89, 0x24, 0xf4, 0x00, 0x00, 0x3f, 0xbb, 0x32, 0xed, 0x00, 0x00, 0x07, 0xc0, 0xf2, 0x84, 0x00, 0x27, 0xb3,
  0xea, 0xf0, 0xb7, 0x28, 0x02, 0xe0, 0x75, 0x06, 0x05, 0x80, 0xd0, 0x0a, 0x54, 0x00, 0x00, 0x00, 0x24, 0xf3, 0x0a, 0xc5,
  0xe4, 0x36, 0x00, 0x24, 0xf3, 0x0a, 0xcb, 0xfe, 0x57, 0x00, 0x50, 0xc5, 0x00, 0x11, 0xfa, 0x1b, 0x7b, 0xcb, 0xa6, 0x00,
  0x24, 0xfa, 0xda, 0xa1, 0x23, 0xd3, 0x00, 0x24, 0xff, 0x66, 0x28, 0xe6, 0x83, 0x00, 0x00, 0x00, 0x00, 0x00, 0x00, 0x6c,
  0x23, 0x0b, 0xaa, 0xec, 0xde, 0x51, 0x0c, 0xf1, 0x1b, 0x78, 0xfd, 0xad, 0x58, 0xe2, 0x95, 0x8e, 0x00, 0x99, 0x27, 0xf4,
  0x50, 0xcd, 0x6a, 0xbd, 0x00, 0x3d, 0xe5, 0xa5, 0xbd, 0x59, 0x25, 0xf3, 0x00, 0x00, 0x00, 0x19, 0xfa, 0x03, 0x24, 0xf4,
  0x00, 0x00, 0x00, 0x24, 0xf4, 0x00, 0x24, 0xf4, 0x00, 0x00, 0x00, 0x14, 0xfd, 0x22, 0x4e, 0xe3, 0x00, 0x00, 0x00, 0x00,
  0x82, 0xee, 0xe7, 0x59, 0x00, 0x00, 0x02, 0x00, 0x04, 0x00, 0x00, 0x6c, 0x23, 0x12, 0xd1, 0x8e, 0xe3, 0x77, 0x04, 0xf0,
  0x1e, 0x7c, 0xa1, 0x87, 0x4c, 0xe8, 0x86, 0x9a, 0x00, 0x9a, 0xf0, 0xaa, 0x2d, 0xd1, 0x8d, 0xb2, 0x00, 0x3e, 0xe0, 0xa7,
  0x96, 0x71, 0x28, 0xf2, 0x00, 0x00, 0x00, 0x0b, 0xf7, 0x10, 0x24, 0xf4, 0x00, 0x00, 0x00, 0x23, 0xf4, 0x00, 0x24, 0xf4,
  0x00, 0x00, 0x00, 0x13, 0xfd, 0x22, 0x4a, 0xe4, 0x00, 0x00, 0x00, 0x00, 0x82, 0xee, 0xe7, 0x5c, 0x00, 0x00, 0x47, 0xd3,
  0xef, 0xc3, 0x24, 0x00, 0x00, 0x24, 0xf4, 0x1c, 0xd4, 0x22, 0x01, 0x86, 0xba, 0x00, 0x00, 0x24, 0xf4, 0x40, 0xca, 0x8d,
  0x00, 0x2b, 0xed, 0x00, 0x00, 0x24, 0xf4, 0x00, 0xcc, 0x43, 0x00, 0x24, 0xf4, 0x00, 0x00, 0x24, 0xf4, 0x1e, 0xf5, 0x00,
  0x00, 0x24, 0xf4, 0x00, 0x00, 0x24, 0xf4, 0x24, 0xff, 0xd5, 0x16, 0xc6, 0xfe, 0xbb, 0x58, 0x27, 0xf4, 0x21, 0xb8, 0x54,
  0x70, 0xe8, 0x26, 0xcb, 0xd2, 0xdd, 0xf4, 0x03, 0xc6, 0xda, 0x17, 0xb6, 0xec, 0x45, 0x02, 0x87, 0xf4, 0x00, 0x6c, 0xdf,
  0xec, 0xb1, 0x18, 0x00, 0x00, 0x24, 0xf4, 0x42, 0xe1, 0x21, 0x05, 0x9c, 0xab, 0x00, 0x00, 0x24, 0xf4, 0x8e, 0xcb, 0x34,
  0x00, 0x30, 0xe9, 0x00, 0x00, 0x24, 0xf4, 0x13, 0xa5, 0xb0, 0x00, 0x24, 0xf4, 0x00, 0x00, 0x24, 0xf4, 0x12, 0xfb, 0x10,
  0x00, 0x24, 0xf4, 0x00, 0x00, 0x24, 0xf4, 0x24, 0xf4, 0x00, 0x00, 0x24, 0xf4, 0x00, 0x00, 0x24, 0xf4, 0x21, 0xfe, 0xe4,
  0x4c, 0x11, 0xfb, 0x30, 0x00, 0x56, 0xde, 0x03, 0xbe, 0xe4, 0x4d, 0x00, 0x65, 0xdf, 0xf1, 0xd2, 0x43, 0x00, 0x00, 0x00,
  0x00, 0x00, 0x00, 0x00, 0x00, 0x00, 0x00, 0x00, 0x00, 0x00, 0x00, 0x05, 0xc9, 0xd2, 0x0d, 0x33, 0xda, 0x00, 0x00, 0x00,
  0x00, 0x14, 0xdd, 0x88, 0x1d, 0xa9, 0x9e, 0x00, 0x00, 0x00, 0x00, 0x00, 0x62, 0xda, 0xed, 0xae, 0x14, 0x00, 0x04, 0x8c,
  0xe7, 0xed, 0xaf, 0x18, 0x00, 0x7f, 0xab, 0x0f, 0x09, 0xa4, 0xac, 0x00, 0x8c, 0xc0, 0x6e, 0x00, 0x30, 0xe9, 0x00, 0x04,
  0xe3, 0x3e, 0x00, 0x24, 0xf4, 0x00, 0x12, 0xfb, 0x01, 0x00, 0x24, 0xf4, 0x44, 0xe8, 0xff, 0x1f, 0x00, 0x24, 0xf4, 0x9a,
  0x30, 0xe0, 0x30, 0x00, 0x24, 0xf4, 0x46, 0xec, 0xc0, 0x06, 0x00, 0x24, 0xf4, 0x00, 0x00, 0x00, 0x12, 0x44, 0x24, 0xf4,
  0x00, 0x6c, 0xe8, 0xeb, 0x84, 0x24, 0xf4, 0x00, 0xdf, 0x1b, 0xc5, 0x98, 0xbe, 0xf4, 0x00, 0x86, 0xec, 0x83, 0x00, 0x6e,
  0xec, 0x00, 0x04, 0x8c, 0xe7, 0xed, 0xaf, 0x18, 0x00, 0x7f, 0xab, 0x0f, 0x08, 0xa1, 0xac, 0x00, 0x8c, 0xc0, 0x6e, 0x00,
  0x2f, 0xe9, 0x00, 0x04, 0xe3, 0x3e, 0x00, 0x24, 0xf4, 0x00, 0x12, 0xfb, 0x01, 0x00, 0x24, 0xf4, 0x44, 0xe8, 0xff, 0x1f,
  0x00, 0x24, 0xf4, 0x9a, 0x30, 0xe0, 0x30, 0x00, 0x24, 0xf4, 0x46, 0xec, 0xc0, 0x06, 0x00, 0x24, 0xf4, 0x00, 0x00, 0x07,
  0x6a, 0x01, 0x24, 0xf4, 0x19, 0xd1, 0xed, 0x90, 0x30, 0x3e, 0xf4, 0x5d, 0x85, 0x82, 0xe0, 0xba, 0xcc, 0xf4, 0x1e, 0xd8,
  0xca, 0x2c, 0x65, 0x66, 0xec, 0x00, 0x00, 0x00, 0x00, 0x00, 0x00, 0x02, 0x00, 0x00, 0x19, 0xc3, 0xef, 0xf1, 0xf0, 0xcb,
  0x12, 0x00, 0x8e, 0xdd, 0x8c, 0x58, 0x14, 0x00, 0x00, 0x00, 0x1e, 0x50, 0x7b, 0xb8, 0xf4, 0x76, 0x00, 0x00, 0x2c, 0xe2,
  0x9a, 0x00, 0x46, 0xf0, 0x00, 0x00, 0x73, 0x86, 0x93, 0x00, 0x24, 0xf4, 0x00, 0x00, 0x31, 0xea, 0xf3, 0x00, 0x24, 0xf4,
  0x00, 0x00, 0x00, 0x1e, 0xfc, 0x1c, 0x47, 0xe3, 0x00, 0x00, 0x00, 0x00, 0x9a, 0xf1, 0xe5, 0x57, 0x00, 0x00, 0x00, 0x00,
  0x00, 0x00, 0x00, 0x00, 0x00, 0x00, 0x00, 0x1b, 0xa5, 0x23, 0xe0, 0xac, 0x00, 0x0a, 0xcb, 0xf4, 0xa7, 0x27, 0xe1, 0xf2,
  0x00, 0x0b, 0xd4, 0xbc, 0x5f, 0xa2, 0x8b, 0xec, 0x00, 0x03, 0xac, 0x8d, 0xd4, 0x64, 0x33, 0xea, 0x9d, 0x5a, 0x9a, 0x7c,
  0x4d, 0xe4, 0xa3, 0x4f, 0xee, 0x96, 0xf4, 0x8e, 0x4b, 0xdc, 0xbf, 0x24, 0xf4, 0x93, 0x2f, 0xd2, 0xad, 0xbe, 0x81, 0x24,
  0xf4, 0x31, 0xe2, 0x95, 0xfb, 0xab, 0x30, 0x24, 0xf4, 0x00, 0x00, 0x23, 0xee, 0xbc, 0x00, 0x24, 0xf4, 0x00, 0x00, 0x24,
  0xf0, 0x8f, 0x00, 0x24, 0xf4, 0x00, 0x00, 0x24, 0xff, 0x40, 0x00, 0x24, 0xf4, 0x00, 0x00, 0x09, 0x00, 0x00, 0x08, 0x00,
  0x00, 0x00, 0x00, 0x00, 0x3b, 0xd6, 0x9d, 0x9f, 0xdd, 0x36, 0x00, 0x24, 0xf4, 0x00, 0xd6, 0x35, 0x34, 0x2e, 0x5d, 0xc1,
  0x00, 0x24, 0xf4, 0x15, 0xfb, 0x06, 0xc2, 0xc8, 0x30, 0xef, 0x00, 0x24, 0xf4, 0x0e, 0xff, 0x2b, 0x4b, 0xcf, 0x4a, 0xf4,
  0x00, 0x24, 0xf4, 0x00, 0xd8, 0x49, 0x9b, 0xce, 0x26, 0xf4, 0x00, 0x24, 0xf4, 0x00, 0xa0, 0x9b, 0xc9, 0x26, 0xa9, 0xf9,
  0xa3, 0x3c, 0xf4, 0x00, 0x80, 0xfb, 0x39, 0x32, 0x53, 0xab, 0xaa, 0xe3, 0xf4, 0x00, 0x80, 0xac, 0x00, 0x07, 0xc6, 0xe1,
  0x20, 0x5c, 0xf4, 0x00, 0x5c, 0xda, 0xf0, 0xc1, 0x24, 0x00, 0x00, 0x24, 0xf4, 0x3b, 0xd4, 0x20, 0x02, 0x8f, 0xb8, 0x00,
  0x00, 0x24, 0xf4, 0x5b, 0xc0, 0x8f, 0x00, 0x2e, 0xec, 0x00, 0x00, 0x24, 0xf4, 0x00, 0xcf, 0x45, 0x00, 0x24, 0xf4, 0x00,
  0x00, 0x24, 0xf3, 0x1e, 0xf5, 0x00, 0x00, 0x24, 0xf4, 0x00, 0x00, 0x55, 0xcb, 0x24, 0xfe, 0xe5, 0x3a, 0x24, 0xf4, 0x0d,
  0x81, 0xf4, 0xa6, 0x1f, 0xf4, 0x1e, 0x86, 0x24, 0xfa, 0xda, 0xd7, 0x5f, 0x84, 0x02, 0xb6, 0xea, 0x3c, 0x24, 0xff, 0x5c,
  0x41, 0xed, 0x7a, 0x00, 0x1b, 0xac, 0xee, 0xe8, 0xa2, 0x11, 0x00, 0xcb, 0x95, 0x08, 0x0b, 0xa8, 0xa1, 0x19, 0xfc, 0x12,
  0xc9, 0xbf, 0x34, 0xe6, 0x0e, 0xfe, 0x2b, 0x40, 0xdc, 0x39, 0xf4, 0x00, 0xda, 0x3d, 0xa0, 0xba, 0x24, 0xf4, 0x00, 0xa4,
  0x86, 0xbc, 0x16, 0x24, 0xf4, 0x00, 0x8c, 0xf7, 0x30, 0x00, 0x24, 0xf4, 0x00, 0x8c, 0xab, 0x00, 0x00, 0x24, 0xf4, 0x00,
  0x00, 0x44, 0x45, 0x07, 0x68, 0x07, 0x00, 0x71, 0xd6, 0xb4, 0xbd, 0xca, 0x8b, 0x04, 0xf3, 0x24, 0x07, 0x31, 0x3b, 0xdd,
  0x19, 0xfb, 0x01, 0x66, 0xd0, 0x2a, 0xf2, 0x01, 0xeb, 0x34, 0x03, 0xca, 0x3e, 0xf4, 0x00, 0x96, 0x95, 0x43, 0xd1, 0x24,
  0xf4, 0x00, 0x40, 0xe4, 0x7e, 0x35, 0x24, 0xf4, 0x00, 0x24, 0xfd, 0x83, 0x00, 0x24, 0xf4, 0x00, 0x24, 0xff, 0x21, 0x00,
  0x24, 0xf4, 0x00, 0x43, 0xc6, 0xef, 0xe6, 0x97, 0x0d, 0x32, 0xd6, 0x35, 0x00, 0x16, 0xba, 0x9c, 0x5a, 0xc1, 0xa1, 0x0c,
  0x00, 0x35, 0xe5, 0x00, 0xcb, 0x55, 0x00, 0x00, 0x24, 0xf4, 0x1e, 0xf5, 0x00, 0x00, 0x00, 0x24, 0xf4, 0x24, 0xfe, 0xec,
  0x6f, 0x00, 0x24, 0xf4, 0x1f, 0xf4, 0x1e, 0xd5, 0x00, 0x24, 0xf4, 0x01, 0xae, 0xf2, 0x76, 0x00, 0x24, 0xf4, 0x49, 0xed,
  0x8f, 0x00, 0x40, 0xec, 0x97, 0x9b, 0x2d, 0xd1, 0x00, 0xad, 0x3d, 0xed, 0x4b, 0xec, 0xf4, 0x0f, 0xaa, 0x24, 0xf4, 0x00,
  0x24, 0xf4, 0x5a, 0x61, 0x24, 0xf4, 0x00, 0x24, 0xf4, 0xa9, 0x15, 0x24, 0xf4, 0x00, 0x24, 0xef, 0xb3, 0x00, 0x24, 0xf4,
  0x00, 0x24, 0xfc, 0x75, 0x00, 0x24, 0xf4, 0x00, 0x24, 0xff, 0x27, 0x00, 0x24, 0xf4, 0x15, 0xbe, 0xf2, 0xef, 0xef, 0xd8,
  0x24, 0x85, 0xf6, 0x88, 0x56, 0x14, 0x00, 0x00, 0x1e, 0x4f, 0x78, 0xb2, 0xf1, 0x79, 0x00, 0x1b, 0xba, 0x00, 0x00, 0x40,
  0xf0, 0x00, 0x24, 0xf4, 0x00, 0x00, 0x24, 0xf4, 0x00, 0x24, 0xf4, 0x00, 0x00, 0x24, 0xf4, 0x00, 0x11, 0xfb, 0x24, 0x00,
  0x52, 0xdf, 0x00, 0x00, 0x68, 0xdf, 0xee, 0xd4, 0x46, 0x00, 0x49, 0xed, 0x92, 0x00, 0x00, 0x24, 0xf4, 0x00, 0x9b, 0x2d,
  0xd2, 0x00, 0x00, 0x24, 0xf4, 0x00, 0x4b, 0xec, 0xf4, 0x00, 0x00, 0x24, 0xf4, 0x00, 0x00, 0x24, 0xf4, 0x00, 0x00, 0x24,
  0xf4, 0x00, 0x00, 0x24, 0xf4, 0x00, 0x00, 0x4f, 0xe1, 0x00, 0x00, 0x24, 0xf4, 0x04, 0x6c, 0xf1, 0xb9, 0x05, 0x00, 0x24,
  0xf8, 0xcb, 0xc5, 0xd6, 0x40, 0x48, 0x00, 0x24, 0xff, 0x6c, 0x10, 0xd6, 0xd8, 0x18, 0x49, 0xed, 0x90, 0x00, 0x00, 0x24,
  0xf4, 0x9b, 0x2d, 0xd2, 0x00, 0x00, 0x24, 0xf4, 0x4b, 0xec, 0xf4, 0x00, 0x00, 0x24, 0xf4, 0x00, 0x24, 0xf4, 0x00, 0x00,
  0x24, 0xf4, 0x00, 0x24, 0xf4, 0x00, 0x00, 0x24, 0xf4, 0x00, 0x24, 0xf4, 0x00, 0x00, 0x24, 0xf4, 0x00, 0x14, 0xfd, 0x2d,
  0x00, 0x5d, 0xdf, 0x00, 0x00, 0x70, 0xe2, 0xef, 0xd4, 0x46, 0x00, 0x00, 0x00, 0x00, 0x00, 0x24, 0xf4, 0x00, 0x00, 0x00,
  0x00, 0x00, 0x24, 0xf4, 0x00, 0x00, 0x00, 0x00, 0x00, 0x24, 0xf4, 0x49, 0xed, 0x90, 0x00, 0x00, 0x24, 0xf4, 0x9b, 0x2d,
  0xd2, 0x00, 0x00, 0x24, 0xf4, 0x4b, 0xec, 0xf4, 0x00, 0x00, 0x24, 0xf4, 0x00, 0x24, 0xf4, 0x00, 0x00, 0x24, 0xf4, 0x00,
  0x24, 0xf4, 0x00, 0x00, 0x24, 0xf4, 0x00, 0x24, 0xf4, 0x00, 0x00, 0x24, 0xf4, 0x00, 0x14, 0xfd, 0x2f, 0x00, 0x5b, 0xe0,
  0x00, 0x00, 0x6e, 0xe1, 0xef, 0xd4, 0x47, 0x02, 0xb9, 0xe9, 0x3b, 0x00, 0x24, 0xf4, 0x1f, 0xde, 0x2c, 0x89, 0x00, 0x24,
  0xf4, 0x24, 0xfe, 0xe6, 0x3a, 0x00, 0x24, 0xf4, 0x24, 0xf4, 0x00, 0x00, 0x00, 0x24, 0xf4, 0x24, 0xf4, 0x01, 0xb4, 0x87,
  0x24, 0xf4, 0x24, 0xf4, 0x6c, 0x9e, 0xcc, 0x60, 0xf4, 0x24, 0xfb, 0xda, 0x0f, 0x30, 0xea, 0xf4, 0x24, 0xff, 0x4f, 0x00,
  0x00, 0x84, 0xf4, 0x00, 0x00, 0x00, 0x00, 0x00, 0x24, 0xf4, 0x00, 0x00, 0x00, 0x00, 0x00, 0x24, 0xf4, 0x00, 0x00, 0x00,
  0x00, 0x00, 0x24, 0xf4, 0x02, 0xb9, 0xe9, 0x3b, 0x00, 0x24, 0xf4, 0x1f, 0xde, 0x2c, 0x89, 0x00, 0x24, 0xf4, 0x24, 0xfe,
  0xe6, 0x3a, 0x00, 0x24, 0xf4, 0x24, 0xf4, 0x00, 0x00, 0x00, 0x24, 0xf4, 0x24, 0xf4, 0x01, 0xb4, 0x87, 0x24, 0xf4, 0x24,
  0xf4, 0x6c, 0x9e, 0xcc, 0x60, 0xf4, 0x24, 0xfb, 0xda, 0x0f, 0x30, 0xea, 0xf4, 0x24, 0xff, 0x4f, 0x00, 0x00, 0x84, 0xf4,
  0x49, 0xed, 0x8d, 0x00, 0xa3, 0x75, 0x24, 0xf4, 0x9b, 0x2d, 0xd1, 0x00, 0xdc, 0xb8, 0x24, 0xf4, 0x4b, 0xed, 0xf4, 0x2c,
  0xa7, 0xcd, 0x2a, 0xf4, 0x00, 0x24, 0xf4, 0x71, 0x5d, 0x8e, 0x63, 0xf4, 0x00, 0x24, 0xf4, 0xb4, 0x15, 0x44, 0xa6, 0xf4,
  0x00, 0x24, 0xf1, 0xba, 0x00, 0x06, 0xd4, 0xf4, 0x00, 0x24, 0xfe, 0x7f, 0x00, 0x00, 0xae, 0xf4, 0x00, 0x24, 0xff, 0x35,
  0x00, 0x00, 0x65, 0xf4, 0x00, 0x00, 0x00, 0x00, 0x00, 0x00, 0x24, 0xf4, 0x00, 0x00, 0x00, 0x00, 0x00, 0x00, 0x24, 0xf4,
  0x00, 0x00, 0x00, 0x00, 0x00, 0x00, 0x24, 0xf4, 0x49, 0xed, 0x8d, 0x00, 0xa3, 0x75, 0x24, 0xf4, 0x9b, 0x2d, 0xd1, 0x00,
  0xdc, 0xb8, 0x24, 0xf4, 0x4b, 0xed, 0xf4, 0x2c, 0xa7, 0xcd, 0x2a, 0xf4, 0x00, 0x24, 0xf4, 0x71, 0x5d, 0x8e, 0x63, 0xf4,
  0x00, 0x24, 0xf4, 0xb4, 0x15, 0x44, 0xa6, 0xf4, 0x00, 0x24, 0xf1, 0xba, 0x00, 0x06, 0xd4, 0xf4, 0x00, 0x24, 0xfe, 0x7f,
  0x00, 0x00, 0xae, 0xf4, 0x00, 0x24, 0xff, 0x35, 0x00, 0x00, 0x65, 0xf4, 0x00, 0x04, 0x8b, 0xe7, 0xec, 0xaa, 0x14, 0x00,
  0x7f, 0xac, 0x0f, 0x09, 0xa8, 0xa5, 0x00, 0x8c, 0xc0, 0x6c, 0x00, 0x32, 0xe7, 0x00, 0x04, 0xe3, 0x3d, 0x00, 0x24, 0xf4,
  0x00, 0x12, 0xfb, 0x01, 0x00, 0x24, 0xf4, 0x44, 0xe8, 0xff, 0x1f, 0x00, 0x24, 0xf4, 0x9a, 0x30, 0xe0, 0x30, 0x00, 0x24,
  0xf4, 0x46, 0xec, 0xc0, 0x06, 0x00, 0x24, 0xf4, 0x49, 0xed, 0x90, 0x00, 0x00, 0x24, 0xf4, 0x9b, 0x55, 0xa9, 0x00, 0x00,
  0x24, 0xf4, 0x4d, 0xed, 0xf4, 0x00, 0x00, 0x24, 0xf4, 0x00, 0x24, 0xf4, 0x00, 0x00, 0x24, 0xf4, 0x00, 0x24, 0xf4, 0x00,
  0x00, 0x24, 0xf4, 0x44, 0xea, 0xfc, 0x86, 0x24, 0x24, 0xf4, 0x9a, 0x76, 0x80, 0x99, 0xf1, 0xb0, 0xf4, 0x48, 0xee, 0x8b,
  0x00, 0x1a, 0xb6, 0xf4, 0x00, 0x91, 0xf0, 0x83, 0x00, 0x24, 0xf4, 0x16, 0xed, 0x2c, 0xde, 0x00, 0x24, 0xf4, 0x06, 0xf1,
  0xf2, 0x82, 0x00, 0x24, 0xf4, 0x00, 0x8c, 0xfc, 0xf0, 0x38, 0x24, 0xf4, 0x0c, 0xf9, 0x26, 0x00, 0x00, 0x24, 0xf4, 0x23,
  0xf5, 0x00, 0x00, 0x00, 0x24, 0xf3, 0x07, 0xf3, 0x54, 0x01, 0x04, 0x78, 0xd0, 0x00, 0x40, 0xc7, 0xee, 0xec, 0xb9, 0x2a,
  0x00, 0x00, 0x00, 0x00, 0x04, 0x02, 0x22, 0xd3, 0xf1, 0xf0, 0xe4, 0x4a, 0x8d, 0xe0, 0x7a, 0x28, 0x00, 0x00, 0x16, 0x49,
  0x8a, 0xe8, 0x83, 0x00, 0x00, 0x00, 0x00, 0x30, 0xf0, 0x00, 0x00, 0x00, 0x00, 0x24, 0xf4, 0x00, 0x00, 0x00, 0x67, 0xee,
  0xf4, 0x00, 0x00, 0x00, 0xc2, 0x2e, 0xcc, 0x00, 0x00, 0x00, 0x6a, 0xf1, 0x88, 0x00, 0x00, 0x30, 0xbe, 0xee, 0xe4, 0x91,
  0x0a, 0x1b, 0xdc, 0x43, 0x00, 0x18, 0xc0, 0x92, 0x77, 0xce, 0x45, 0x00, 0x00, 0x3a, 0xe0, 0x11, 0xa5, 0xca, 0x0e, 0x00,
  0x24, 0xf4, 0x12, 0xfb, 0x14, 0x00, 0x00, 0x24, 0xf4, 0x24, 0xf4, 0x00, 0x00, 0x00, 0x24, 0xf4, 0x21, 0xfe, 0xea, 0x91,
  0x00, 0x24, 0xf4, 0x03, 0xb4, 0xea, 0x98, 0x00, 0x24, 0xf4, 0x00, 0x00, 0x00, 0x00, 0x00, 0x24, 0xf4, 0x00, 0x00, 0x00,
  0x00, 0x00, 0x24, 0xf4, 0x00, 0x00, 0x00, 0x00, 0x00, 0x24, 0xf4, 0x00, 0x00, 0x00, 0x00, 0x00, 0x24, 0xf4, 0x00, 0x54,
  0xcd, 0xee, 0xe6, 0xa1, 0x15, 0x42, 0xe9, 0x3e, 0x01, 0x11, 0xa7, 0xb5, 0x57, 0x53, 0x00, 0x00, 0x00, 0x2d, 0xf0, 0x00,
  0x43, 0xc0, 0xe8, 0xd8, 0x88, 0xf4, 0x0d, 0xf1, 0x3a, 0x07, 0x12, 0x92, 0xf4, 0x24, 0xfe, 0xeb, 0x6c, 0x00, 0x25, 0xf4,
  0x21, 0xe8, 0x26, 0xd4, 0x00, 0x24, 0xf4, 0x03, 0xb8, 0xf2, 0x73, 0x00, 0x24, 0xf4, 0x00, 0x00, 0x78, 0xe4, 0xec, 0xa8,
  0x12, 0x00, 0x61, 0xc2, 0x15, 0x0a, 0xae, 0x9e, 0x00, 0xbe, 0xa8, 0x20, 0x00, 0x36, 0xe3, 0x00, 0x1d, 0xb9, 0x92, 0x00,
  0x24, 0xf4, 0x00, 0x0d, 0xf9, 0x07, 0x00, 0x24, 0xf4, 0x00, 0x0f, 0xff, 0x14, 0x00, 0x24, 0xf4, 0x5f, 0xe8, 0xff, 0x30,
  0x00, 0x24, 0xf4, 0x63, 0xe8, 0xc3, 0x09, 0x00, 0x24, 0xf4, 0x00, 0x00, 0x00, 0x00, 0x00, 0x24, 0xf4, 0x00, 0x00, 0x00,
  0x00, 0x00, 0x24, 0xf4, 0x00, 0x00, 0x00, 0x00, 0x00, 0x24, 0xf4, 0x00, 0x00, 0x00, 0x00, 0x00, 0x24, 0xf4, 0x00, 0x50,
  0xd7, 0xef, 0xc4, 0x29, 0x1b, 0xf4, 0x3b, 0x01, 0x7d, 0xc3, 0x10, 0x32, 0x00, 0x00, 0x26, 0xf1, 0x00, 0x00, 0x00, 0x00,
  0x24, 0xf4, 0x00, 0x00, 0x00, 0x00, 0x24, 0xf4, 0x00, 0x00, 0x00, 0x4d, 0xed, 0xf4, 0x00, 0x00, 0x00, 0x59, 0x4c, 0xf0,
  0x00, 0x00, 0x00, 0x4b, 0xee, 0x92, 0x00, 0x00, 0x00, 0x00, 0x00, 0x36, 0xf7, 0x0b, 0x00, 0x1d, 0xac, 0xeb, 0xee, 0xd6,
  0x8d, 0x00, 0x00, 0xc8, 0x93, 0x0a, 0x4d, 0xe7, 0xac, 0x00, 0x12, 0xfd, 0x09, 0x53, 0xe0, 0x3b, 0xec, 0x00, 0x08, 0xf6,
  0x40, 0x65, 0xc0, 0x57, 0xf4, 0x00, 0x00, 0xa3, 0xd6, 0xaa, 0xda, 0x35, 0xf4, 0x00, 0x00, 0x4a, 0xff, 0x16, 0x00, 0x24,
  0xf4, 0x00, 0x00, 0x24, 0xf7, 0x00, 0x00, 0x24, 0xf4, 0x00, 0x00, 0x24, 0xf4, 0x00, 0x00, 0x24, 0xf4, 0x00, 0x49, 0xed,
  0x90, 0x00, 0x00, 0x00, 0x24, 0xf4, 0x00, 0x00, 0x9b, 0x2d, 0xd2, 0x00, 0x00, 0x00, 0x24, 0xf4, 0x00, 0x00, 0x4b, 0xec,
  0xf4, 0x28, 0xdf, 0xcb, 0x2d, 0xf4, 0x16, 0x00, 0x00, 0x24, 0xf4, 0x54, 0x96, 0xd3, 0x34, 0xf9, 0xcc, 0x12, 0x00, 0x24,
  0xf4, 0x04, 0x85, 0xdc, 0xf1, 0xf8, 0x17, 0x00, 0x00, 0x24, 0xf4, 0x00, 0x00, 0x00, 0x24, 0xf4, 0x00, 0x00, 0x00, 0x11,
  0xfc, 0x44, 0x01, 0x03, 0x6b, 0xdc, 0x00, 0x00, 0x00, 0x00, 0x57, 0xce, 0xf1, 0xf0, 0xc4, 0x39, 0x00, 0x00, 0x00, 0x00,
  0x00, 0x00, 0x00, 0x13, 0xfd, 0x20, 0x00, 0x6e, 0xd5, 0xee, 0xed, 0xd1, 0xa6, 0x00, 0x65, 0xd0, 0x28, 0x00, 0x8a, 0xda,
  0xbd, 0x00, 0x16, 0x10, 0x29, 0xaf, 0xbb, 0x3a, 0xf1, 0x00, 0x00, 0x8d, 0xbb, 0x66, 0x7a, 0xdc, 0xf4, 0x00, 0x14, 0xf9,
  0x06, 0x00, 0x00, 0x3b, 0xf4, 0x00, 0x24, 0xfe, 0xeb, 0x6c, 0x00, 0x24, 0xf4, 0x00, 0x1f, 0xe8, 0x26, 0xd4, 0x00, 0x24,
  0xf4, 0x00, 0x02, 0xb1, 0xf2, 0x73, 0x00, 0x24, 0xf4, 0x00, 0x49, 0xed, 0x8f, 0x00, 0x1c, 0xdd, 0xd6, 0x16, 0x9b, 0x2d,
  0xd1, 0x00, 0x55, 0xbe, 0x50, 0x4c, 0x4b, 0xec, 0xf4, 0x00, 0x35, 0xff, 0xd5, 0x0a, 0x00, 0x24, 0xf4, 0x00, 0xb4, 0x47,
  0xe8, 0x00, 0x00, 0x24, 0xf4, 0x3f, 0x87, 0x24, 0xf4, 0x00, 0x00, 0x24, 0xec, 0xb1, 0x15, 0x24, 0xf4, 0x00, 0x00, 0x24,
  0xf9, 0x8d, 0x00, 0x24, 0xf4, 0x00, 0x00, 0x24, 0xf8, 0x19, 0x00, 0x24, 0xf4, 0x00, 0x00, 0x00, 0x00, 0x00, 0x00, 0x00,
  0x00, 0xa6, 0x77, 0x49, 0xed, 0x8d, 0x00, 0x00, 0x59, 0xf4, 0xf7, 0x1e, 0x9b, 0x2d, 0xd1, 0x00, 0x00, 0xaf, 0x77, 0x85,
  0x00, 0x4b, 0xf0, 0xf4, 0x00, 0x00, 0x59, 0xeb, 0xf3, 0x00, 0x00, 0x24, 0xf4, 0x00, 0x88, 0x61, 0x24, 0xf4, 0x00, 0x00,
  0x24, 0xf4, 0x21, 0xcb, 0xd6, 0x2b, 0xf4, 0x00, 0x00, 0x24, 0xf2, 0x9b, 0x4c, 0x84, 0x8d, 0xf4, 0x00, 0x00, 0x24, 0xf6,
  0xc9, 0x00, 0x12, 0xe4, 0xf4, 0x00, 0x00, 0x24, 0xff, 0x52, 0x00, 0x00, 0x87, 0xf4, 0x00, 0x1c, 0xac, 0xec, 0xed, 0xb6,
  0x20, 0x8f, 0x76, 0x0e, 0x04, 0x87, 0xbe, 0x01, 0xaf, 0xde, 0x27, 0x26, 0xf1, 0x1d, 0xff, 0x42, 0x40, 0x24, 0xf4, 0x24,
  0xfe, 0xe2, 0x29, 0x24, 0xf4, 0x23, 0xf4, 0x00, 0x00, 0x24, 0xf4, 0x0b, 0xf9, 0x3b, 0x00, 0x5f, 0xdc, 0x00, 0x5b, 0xde,
  0xef, 0xd1, 0x41, 0x00, 0x80, 0xe1, 0xec, 0xa1, 0xa5, 0x71, 0x14, 0x8f, 0x03, 0x18, 0xc7, 0xf1, 0x14, 0x00, 0x93, 0xe8,
  0xe9, 0xba, 0xed, 0x00, 0x02, 0xb8, 0xdb, 0x20, 0x24, 0xf4, 0x00, 0x20, 0xd1, 0x3f, 0x62, 0x24, 0xf4, 0x00, 0x24, 0xfe,
  0xe1, 0x24, 0x24, 0xf4, 0x00, 0x0e, 0xfa, 0x25, 0x00, 0x5d, 0xdd, 0x00, 0x00, 0x65, 0xdf, 0xef, 0xd3, 0x43, 0x00, 0x4b,
  0xed, 0x9e, 0x34, 0xfd, 0xaa, 0x98, 0x3e, 0xc5, 0xa6, 0x56, 0xf2, 0x37, 0xdc, 0xde, 0x52, 0x24, 0xf4, 0x00, 0x00, 0x00,
  0x00, 0x24, 0xf4, 0x00, 0x00, 0x00, 0x00, 0x24, 0xf4, 0x00, 0x00, 0x00, 0x00, 0x24, 0xf4, 0x00, 0x00, 0x00, 0x00, 0x24,
  0xf4, 0x00, 0x00, 0x00, 0x00, 0x24, 0xf4, 0x35, 0xe7, 0x9a, 0x00, 0x31, 0xe8, 0x98, 0x7a, 0x91, 0x12, 0x5f, 0xbc, 0x77,
  0xc2, 0xbe, 0x2b, 0xd9, 0x50, 0x04, 0x8e, 0xea, 0xde, 0x67, 0x00, 0x00, 0x00, 0x00, 0x00, 0x00, 0x00, 0x3b, 0xc7, 0x99,
  0x01, 0x2e, 0xc9, 0x95, 0x99, 0xa4, 0x1c, 0xac, 0x97, 0x1f, 0xb5, 0xed, 0xec, 0x97, 0x0a, 0x04, 0xb9, 0xe7, 0x43, 0x00,
  0x3d, 0xdb, 0x14, 0xfb, 0x5f, 0x65, 0x2e, 0xcf, 0x85, 0x00, 0x59, 0xd1, 0xed, 0xd7, 0x78, 0x03, 0x00, 0x44, 0xd3, 0xef,
  0xcb, 0x32, 0x04, 0xef, 0x4f, 0x00, 0x6a, 0xce, 0x09, 0x56, 0x00, 0x00, 0x24, 0xf3, 0x00, 0x00, 0x00, 0x00, 0x24, 0xf4,
  0x00, 0x00, 0x00, 0x00, 0x24, 0xf4, 0x00, 0x00, 0x00, 0x00, 0x24, 0xf4, 0x00, 0x00, 0x00, 0x00, 0x24, 0xf4, 0x00, 0x00,
  0x00, 0x00, 0x24, 0xf4, 0x01, 0xa4, 0xeb, 0x78, 0x00, 0x00, 0x00, 0x00, 0x00, 0x18, 0xfe, 0x50, 0xe7, 0x00, 0x00, 0x00,
  0x00, 0x00, 0x01, 0xa6, 0xec, 0x7a, 0x00, 0x00, 0x00, 0x00, 0x00, 0x00, 0x00, 0x00, 0x00, 0x00, 0x00, 0x00, 0x00, 0x00,
  0x00, 0x00, 0x00, 0x00, 0x38, 0xce, 0xef, 0xcc, 0x32, 0x00, 0x00, 0x00, 0x00, 0xdd, 0x4f, 0x00, 0x6a, 0xce, 0x00, 0x00,
  0x00, 0x01, 0x56, 0x00, 0x00, 0x24, 0xf3, 0x00, 0x00, 0x00, 0x00, 0x00, 0x00, 0x00, 0x24, 0xf4, 0x00, 0x00, 0x00, 0x00,
  0x00, 0x00, 0x00, 0x24, 0xf4, 0x00, 0x00, 0x00, 0x00, 0x00, 0x00, 0x00, 0x24, 0xf4, 0x00, 0x00, 0x00, 0x00, 0x00, 0x00,
  0x00, 0x24, 0xf4, 0x00, 0x00, 0x00, 0x00, 0x00, 0x00, 0x00, 0x24, 0xf4, 0x10, 0xa1, 0xe7, 0xd0, 0x4f, 0x00, 0x9e, 0x76,
  0x05, 0x27, 0xd1, 0x33, 0xea, 0xf2, 0xe3, 0xbc, 0x99, 0xa2, 0x07, 0x01, 0x13, 0x2c, 0x5b, 0x80, 0x00, 0x00, 0x00, 0x00,
  0x00, 0x01, 0x07, 0x00, 0x00, 0x1b, 0xaf, 0xe8, 0xce, 0x6f, 0xf4, 0x00, 0x00, 0xc0, 0x63, 0x04, 0x29, 0xd4, 0xf4, 0x00,
  0x0e, 0xfe, 0xf2, 0xe1, 0xba, 0x97, 0xf4, 0x00, 0x02, 0x05, 0x01, 0x14, 0x2b, 0x56, 0x98, 0x01, 0x0e, 0x9d, 0xe6, 0xdb,
  0xbd, 0xe7, 0x49, 0x9c, 0x7d, 0x07, 0x1f, 0xc3, 0xf0, 0x4c, 0xe9, 0xf3, 0xe5, 0xc1, 0x8c, 0xb9, 0x00, 0x07, 0x00, 0x12,
  0x29, 0x55, 0x92, 0x00, 0x00, 0x00, 0x00, 0x00, 0x7b, 0x1e, 0x9c, 0x00, 0x00, 0x14, 0x9b, 0xbf, 0xf2, 0x69, 0xf4, 0x00,
  0x00, 0xb9, 0x48, 0x00, 0x23, 0xdf, 0xf4, 0x00, 0x0e, 0xfd, 0xf2, 0xdf, 0xb3, 0xa5, 0xf4, 0x00, 0x02, 0x05, 0x01, 0x14,
  0x2b, 0x56, 0x98, 0x01, 0x5f, 0xe9, 0xa0, 0x69, 0xeb, 0xf3, 0x00, 0x24, 0xf4, 0x00, 0x10, 0x72, 0x47, 0xe9, 0x9e, 0x22,
  0xec, 0x9b, 0x57, 0xe6, 0x24, 0xf4, 0x4c, 0xe7, 0xf9, 0x49, 0xef, 0x00, 0x0a, 0xb9, 0xd8, 0x7a, 0x0c, 0xb1, 0x00, 0x00,
  0x1e, 0xcd, 0x00, 0x00, 0x00, 0x20, 0xe8, 0xeb, 0xfe, 0xb9, 0x2d, 0x00, 0x24, 0xf5, 0x18, 0x22, 0x93, 0xc9, 0x00, 0x24,
  0xf4, 0x00, 0x00, 0x2e, 0xeb, 0x00, 0x24, 0xf4, 0x00, 0x04, 0x86, 0xac, 0x00, 0x24, 0xff, 0xf0, 0xf9, 0xf3, 0x48, 0x00,
  0x24, 0xf4, 0x00, 0x02, 0x28, 0xc2, 0x6d, 0x24, 0xf4, 0x00, 0x00, 0x00, 0x3c, 0xdf, 0x24, 0xf4, 0x00, 0x00, 0x00, 0x34,
  0xe2, 0x24, 0xf4, 0x00, 0x00, 0x0d, 0xaa, 0xa2, 0x24, 0xff, 0xf0, 0xf0, 0xea, 0xa8, 0x15, 0x00, 0x00, 0x24, 0xf4, 0x00,
  0x00, 0x00, 0x00, 0x00, 0x04, 0x1e, 0x00, 0x00, 0x00, 0x24, 0xf4, 0x00, 0x00, 0x24, 0xf4, 0x00, 0x00, 0x24, 0xf4, 0x00,
  0x00, 0x24, 0xf4, 0x00, 0x00, 0x24, 0xf4, 0x00, 0x00, 0x24, 0xfe, 0xeb, 0x66, 0x1f, 0xf2, 0x18, 0xcc, 0x01, 0xaf, 0xd1,
  0x6f, 0x24, 0xf4, 0x00, 0x00, 0x24, 0xf4, 0x00, 0x00, 0x24, 0xf4, 0x00, 0x00, 0x24, 0xf4, 0x00, 0x00, 0x24, 0xf4, 0x00,
  0x00, 0x24, 0xf4, 0x00, 0x00, 0x24, 0xf4, 0x00, 0x00, 0x24, 0xf4, 0x00, 0x00, 0x24, 0xf4, 0x00, 0x00, 0x24, 0xf4, 0x00,
  0x00, 0x24, 0xfe, 0xec, 0x7c, 0x24, 0xfe, 0xdd, 0x19, 0x1f, 0xf2, 0x18, 0xeb, 0x20, 0x79, 0x8b, 0x53, 0x01, 0xac, 0xd2,
  0x88, 0x02, 0xac, 0xd1, 0x1a, 0x2a, 0xcf, 0xee, 0xef, 0xea, 0x6e, 0x6c, 0xdd, 0x99, 0x14, 0x00, 0x00, 0x00, 0x07, 0x91,
  0xbe, 0x00, 0x00, 0x00, 0x00, 0x25, 0xf3, 0x00, 0x00, 0x00, 0x00, 0x24, 0xf4, 0x00, 0x00, 0x00, 0x00, 0x24, 0xf4, 0x00,
  0x00, 0x00, 0x00, 0x24, 0xf4, 0x00, 0x00, 0x00, 0x00, 0x24, 0xf4, 0x00, 0x00, 0x00, 0x00, 0x24, 0xf4, 0x00, 0x00, 0x00,
  0x00, 0x24, 0xf4, 0x00, 0x00, 0x00, 0x00, 0x24, 0xfe, 0xeb, 0x66, 0x00, 0x00, 0x1e, 0xc6, 0x48, 0xd0, 0x00, 0x00, 0x01,
  0xaf, 0xf1, 0x6f, 0x17, 0xb3, 0xe9, 0xdd, 0x51, 0x00, 0x92, 0xf5, 0x70, 0x57, 0xe2, 0x00, 0x5d, 0xe7, 0x6c, 0x6a, 0xa4,
  0x00, 0x00, 0x00, 0x03, 0xea, 0x1d, 0x00, 0x00, 0x00, 0x21, 0xf4, 0x00, 0x00, 0x00, 0x00, 0x24, 0xf4, 0x00, 0x00, 0x00,
  0x00, 0x24, 0xf4, 0x00, 0x00, 0x00, 0x00, 0x24, 0xf4, 0x00, 0x00, 0x00, 0x00, 0x24, 0xf4, 0x00, 0x00, 0x00, 0x00, 0x24,
  0xf4, 0x00, 0x00, 0x00, 0x00, 0x24, 0xfe, 0xeb, 0x66, 0x00, 0x00, 0x20, 0xcb, 0x43, 0xd0, 0x00, 0x00, 0x02, 0xb5, 0xf1,
  0x6f, 0x80, 0xa1, 0x48, 0xf4, 0x00, 0x00, 0x4e, 0xdd, 0xa0, 0xf4, 0x00, 0x00, 0x30, 0xfc, 0x85, 0xf4, 0x00, 0x00, 0x01,
  0x32, 0x2d, 0xf4, 0x00, 0x00, 0x00, 0x00, 0x24, 0xf4, 0x00, 0x00, 0x00, 0x00, 0x24, 0xf4, 0x00, 0x00, 0x00, 0x00, 0x24,
  0xf4, 0x00, 0x00, 0x00, 0x00, 0x24, 0xf4, 0x00, 0x00, 0x00, 0x00, 0x24, 0xf4, 0x00, 0x00, 0x00, 0x00, 0x24, 0xf4, 0x00,
  0x00, 0x00, 0x00, 0x24, 0xfe, 0xea, 0x66, 0x00, 0x00, 0x20, 0xed, 0x23, 0xcf, 0x00, 0x00, 0x02, 0xb2, 0xf1, 0x6f, 0x00,
  0x3f, 0xd1, 0xef, 0xc9, 0x2f, 0x03, 0xeb, 0x50, 0x00, 0x6e, 0xc9, 0x0b, 0x6a, 0x00, 0x00, 0x25, 0xf2, 0x00, 0x00, 0x00,
  0x00, 0x24, 0xf4, 0x00, 0x00, 0x00, 0x00, 0x24, 0xf4, 0x00, 0x00, 0x00, 0x00, 0x24, 0xf4, 0x00, 0x00, 0x00, 0x00, 0x24,
  0xf4, 0x00, 0x00, 0x00, 0x00, 0x24, 0xf4, 0x00, 0x00, 0x00, 0x00, 0x24, 0xf4, 0x00, 0x00, 0x00, 0x00, 0x24, 0xf4, 0x00,
  0x00, 0x00, 0x00, 0x24, 0xf4, 0x00, 0x00, 0x00, 0x00, 0x24, 0xf4, 0x00, 0x02, 0x0c, 0x00, 0x10, 0x00, 0x05, 0xc1, 0xd5,
  0xb0, 0xeb, 0x4c, 0x5f, 0xa6, 0x22, 0x55, 0x51, 0xd7, 0x97, 0xf5, 0xb5, 0x02, 0x24, 0xf3, 0x91, 0x25, 0xeb, 0x21, 0x24,
  0xf4, 0x2e, 0xe0, 0xb5, 0x02, 0x24, 0xf4, 0x00, 0x00, 0x00, 0x00, 0x24, 0xf4, 0x00, 0x00, 0x00, 0x00, 0x24, 0xf4, 0x00,
  0x00, 0x00, 0x00, 0x24, 0xf4, 0x00, 0x00, 0x00, 0x00, 0x24, 0xf4, 0x00, 0x00, 0x00, 0x00, 0x24, 0xf4, 0x00, 0x00, 0x00,
  0x00, 0x24, 0xf4, 0x00, 0x00, 0x00, 0x00, 0x16, 0x7d, 0x00, 0x00, 0x00, 0x00, 0x5b, 0xcc, 0x00, 0x90, 0xeb, 0xf0, 0xe2,
  0x46, 0x14, 0xdf, 0x4c, 0x40, 0x90, 0x82, 0x00, 0xb5, 0x47, 0x7f, 0xe7, 0xaa, 0x21, 0xe0, 0x24, 0xf4, 0x24, 0xf4, 0xb5,
  0xe2, 0x3c, 0x00, 0xd3, 0x22, 0xbd, 0xf6, 0x63, 0x61, 0xb3, 0x00, 0x57, 0xe7, 0xa9, 0xab, 0x0d, 0x00, 0x6e, 0x62, 0x25,
  0x00, 0x00, 0x00, 0x02, 0x7a, 0x32, 0x8e, 0x39, 0x7e, 0x65, 0xa5, 0xbc, 0x83, 0xf6, 0xd5, 0x9a, 0xed, 0x3a, 0x53, 0xff,
  0x81, 0x54, 0xe5, 0x3b, 0xa5, 0x9d, 0x07, 0x00, 0x24, 0xf4, 0x00, 0x00, 0x47, 0xf2, 0xff, 0xf0, 0x16, 0x00, 0x24, 0xf4,
  0x00, 0x00, 0x00, 0x00, 0x00, 0x06, 0x00, 0x00, 0x02, 0x49, 0xe5, 0x06, 0x59, 0xe5, 0xb5, 0x32, 0x00, 0xdf, 0xae, 0x5d,
  0x00, 0x00, 0xa2, 0xe6, 0x3b, 0x00, 0x00, 0x01, 0xa4, 0xeb, 0x78, 0x18, 0xfe, 0x50, 0xe7, 0x01, 0xa6, 0xec, 0x7a, 0x00,
  0x02, 0xa6, 0xee, 0x86, 0x00, 0x13, 0xfd, 0x1a, 0x0a, 0x00, 0x61, 0xd0, 0x95, 0x00, 0x15, 0xff, 0x39, 0x09, 0x00, 0x02,
  0xaf, 0xef, 0x70, 0x00, 0x00, 0x01, 0x6d, 0xd5, 0xee, 0xc9, 0x50, 0x00, 0x00, 0x81, 0xff, 0xff, 0xd6, 0x6e, 0xe6, 0x51,
  0x06, 0xf3, 0xff, 0x3c, 0x6b, 0xc0, 0x5b, 0xc8, 0x1c, 0xfe, 0xfa, 0x00, 0x2b, 0xea, 0x2b, 0xeb, 0x07, 0xf5, 0xff, 0x3b,
  0x69, 0xc2, 0x58, 0xcb, 0x00, 0x87, 0xff, 0xfe, 0xd6, 0x6b, 0xec, 0x57, 0x00, 0x02, 0x78, 0xde, 0xf0, 0xd3, 0x5a, 0x00,
  0x00, 0x08, 0x83, 0xdb, 0xef, 0xd0, 0x6a, 0x00, 0x00, 0xa6, 0xb5, 0x22, 0x03, 0x33, 0xd3, 0x76, 0x11, 0xfd, 0x12, 0x00,
  0x00, 0x00, 0x41, 0xdf, 0x12, 0xfd, 0x10, 0x00, 0x00, 0x00, 0x3f, 0xe2, 0x00, 0xb0, 0xad, 0x19, 0x00, 0x29, 0xcd, 0x80,
  0x00, 0x0c, 0x90, 0xe5, 0xf2, 0xda, 0x76, 0x02, 0x00, 0x08, 0x85, 0xdc, 0xee, 0xca, 0x5a, 0x00, 0x00, 0xa2, 0xc4, 0x95,
  0xe7, 0x75, 0xe3, 0x61, 0x0d, 0xfc, 0x16, 0xa7, 0x31, 0x98, 0x55, 0xd2, 0x1b, 0xfc, 0x05, 0x79, 0xf4, 0x99, 0x2b, 0xed,
  0x01, 0xdd, 0x77, 0x02, 0xab, 0x51, 0x4f, 0xc4, 0x00, 0x38, 0xd6, 0xf0, 0x8f, 0x07, 0xc6, 0x3f, 0x9c, 0xb5, 0x00, 0x00,
  0x00, 0x00, 0x00, 0x00, 0x29, 0xf3, 0x00, 0x00, 0x00, 0x00, 0x00, 0x00, 0x24, 0xf4, 0x0b, 0xbc, 0xd0, 0x80, 0xe3, 0x4c,
  0x24, 0xf4, 0x62, 0xfa, 0x99, 0x4c, 0x59, 0xc9, 0x24, 0xf4, 0x7b, 0x67, 0x98, 0x00, 0x29, 0xec, 0x15, 0xfb, 0x35, 0xe3,
  0x81, 0x00, 0x3f, 0xd7, 0x00, 0xce, 0x8e, 0x0f, 0x00, 0x19, 0xbc, 0x8c, 0x00, 0x1e, 0xa3, 0xe4, 0xef, 0xe0, 0x8d, 0x0a,
  0x00, 0x1f, 0xba, 0xec, 0xb6, 0x45, 0xe7, 0x79, 0x00, 0xc0, 0x6a, 0x04, 0x78, 0xfc, 0x4c, 0xe4, 0x0b, 0xfa, 0x03, 0x00,
  0x25, 0xf4, 0x24, 0xf3, 0x1c, 0xfb, 0xe4, 0xad, 0x26, 0xf4, 0x24, 0xf4, 0x05, 0xd4, 0x24, 0xff, 0x44, 0xf4, 0x24, 0xf4,
  0x00, 0x6b, 0xed, 0xb5, 0x27, 0xf4, 0x24, 0xf4, 0x00, 0x00, 0x00, 0x00, 0x00, 0x00, 0x00, 0x08, 0x73, 0x00, 0x00, 0x00,
  0x00, 0x00, 0x00, 0x00, 0x43, 0xbd, 0x00, 0x00, 0x00, 0x00, 0x00, 0x02, 0x32, 0xd5, 0x53, 0x00, 0x12, 0x90, 0xd9, 0xf0,
  0xf0, 0xd7, 0x69, 0x00, 0x00, 0xb4, 0xae, 0x65, 0xe8, 0x76, 0x00, 0x00, 0x00, 0x0a, 0xfd, 0x13, 0x97, 0x17, 0xbe, 0x00,
  0x00, 0x00, 0x15, 0xfc, 0x04, 0x66, 0xc1, 0x87, 0x00, 0x00, 0x00, 0x00, 0xd6, 0x75, 0x03, 0x7a, 0xd5, 0x77, 0x17, 0x00,
  0x00, 0x2f, 0xc9, 0xf3, 0xfd, 0xff, 0xff, 0xf7, 0x43, 0x00, 0x00, 0x00, 0x00, 0x00, 0x00, 0x02, 0x11, 0x04, 0x00, 0x00,
  0x00, 0x00, 0x00, 0x00, 0x00, 0x00, 0x76, 0x05, 0x00, 0x00, 0x00, 0x23, 0xde, 0xd7, 0x17, 0x23, 0xdf, 0x00, 0x00, 0x00,
  0x00, 0x5c, 0x63, 0x9e, 0x6e, 0xc7, 0x72, 0x00, 0x00, 0x0a, 0x84, 0xd6, 0xfa, 0xf3, 0xdb, 0x7b, 0x01, 0x00, 0x00, 0xaf,
  0xb0, 0x7d, 0xe9, 0x43, 0x00, 0x00, 0x00, 0x00, 0x0b, 0xfe, 0x13, 0xab, 0x17, 0x7e, 0x00, 0x00, 0x00, 0x00, 0x16, 0xfc,
  0x04, 0x7e, 0xc1, 0x4f, 0x00, 0x00, 0x00, 0x00, 0x00, 0xd6, 0x6d, 0x07, 0x99, 0xce, 0x72, 0x19, 0x00, 0x00, 0x00, 0x2d,
  0xc6, 0xf2, 0xfe, 0xff, 0xff, 0xfa, 0x5e, 0x00, 0x00, 0x00, 0x00, 0x00, 0x00, 0x00, 0x01, 0x0e, 0x08, 0x00, 0x0b, 0xe3,
  0x35, 0x00, 0x00, 0x00, 0x00, 0x00, 0x00, 0x00, 0x86, 0xb1, 0x00, 0x00, 0x00, 0x00, 0x00, 0x00, 0x00, 0x48, 0xed, 0x6f,
  0xd1, 0xee, 0xd4, 0x73, 0x01, 0x00, 0x2c, 0xf7, 0x73, 0x16, 0x02, 0x2f, 0xce, 0x80, 0x00, 0x00, 0x00, 0x00, 0x00, 0x00,
  0x00, 0x3f, 0xe3, 0x00, 0x03, 0xb4, 0xec, 0x77, 0x00, 0x00, 0x3e, 0xdd, 0x00, 0x10, 0xfd, 0x6c, 0x91, 0x00, 0x26, 0xcb,
  0x6d, 0x00, 0x00, 0x59, 0xd0, 0xeb, 0xe4, 0xc9, 0x5d, 0x00, 0x00, 0x00, 0x00, 0x00, 0x00, 0x00, 0x00, 0x00, 0x62, 0x1f,
  0x00, 0x00, 0x00, 0x00, 0x00, 0x00, 0x00, 0x00, 0xef, 0x16, 0x00, 0x00, 0x00, 0x00, 0x00, 0x00, 0x00, 0x07, 0xfa, 0x00,
  0x00, 0x36, 0xd7, 0xcf, 0x49, 0xdf, 0xdb, 0x4c, 0xf4, 0x00, 0x00, 0xd2, 0x4b, 0x59, 0xfc, 0x28, 0x60, 0xda, 0xf1, 0x00,
  0x10, 0xfb, 0x01, 0x22, 0xe8, 0x00, 0x2c, 0xfe, 0xe0, 0x00, 0x1c, 0xfc, 0xe1, 0x73, 0x00, 0x00, 0x4b, 0xf8, 0xbd, 0x00,
  0x05, 0xd8, 0x20, 0xcc, 0x00, 0x00, 0x95, 0xf9, 0x6a, 0x00, 0x00, 0x76, 0xee, 0x75, 0x00, 0x00, 0x97, 0x8f, 0x02, 0x00,
  0x00, 0x00, 0x00, 0x00, 0x00, 0x00, 0x12, 0x7a, 0x00, 0x00, 0x00, 0x00, 0x00, 0x00, 0x31, 0xe7, 0x00, 0x00, 0x00, 0x00,
  0x00, 0x04, 0x91, 0xb4, 0x00, 0x15, 0xa0, 0xe2, 0xf0, 0xf1, 0xc9, 0x28, 0x00, 0xb6, 0x9f, 0x12, 0x00, 0x00, 0x00, 0x00,
  0x09, 0xfd, 0x0e, 0x00, 0x00, 0x3e, 0xe6, 0x81, 0x1d, 0xfc, 0x04, 0x79, 0x1c, 0x8e, 0x4b, 0xaa, 0x04, 0xf1, 0xa5, 0xa5,
  0xc1, 0x59, 0xf2, 0xcc, 0x00, 0x73, 0xd2, 0x02, 0x5c, 0xe6, 0xdb, 0x3e, 0x00, 0x00, 0x00, 0x00, 0x00, 0x00, 0x00, 0x24,
  0x62, 0x00, 0x00, 0x00, 0x00, 0x00, 0x00, 0x00, 0x34, 0xdf, 0x00, 0x00, 0x00, 0x00, 0x00, 0x00, 0x00, 0x27, 0xef, 0x00,
  0x1f, 0xbc, 0xea, 0xab, 0x7f, 0xb4, 0x3f, 0xdb, 0x00, 0xc6, 0x85, 0x06, 0x54, 0xf0, 0x2e, 0xc4, 0x69, 0x14, 0xfd, 0x09,
  0x00, 0x00, 0xb9, 0x28, 0x00, 0x00, 0x17, 0xfe, 0x34, 0xe0, 0x9f, 0x3a, 0xc5, 0x07, 0x00, 0x00, 0xcf, 0xdd, 0x20, 0xe4,
  0x03, 0x90, 0xbf, 0x0d, 0x00, 0x28, 0xc8, 0xf3, 0x91, 0x00, 0x06, 0xae, 0x35, 0x4b, 0xed, 0x9e, 0x34, 0xfd, 0xa8, 0x58,
  0xfc, 0xa5, 0x98, 0x3e, 0xc5, 0xa6, 0x56, 0xf7, 0xd3, 0x46, 0xf2, 0x37, 0xdc, 0xde, 0x52, 0x24, 0xfc, 0x41, 0x24, 0xf4,
  0x00, 0x00, 0x00, 0x00, 0x24, 0xf4, 0x00, 0x24, 0xf4, 0x00, 0x00, 0x00, 0x00, 0x24, 0xf4, 0x00, 0x24, 0xf4, 0x00, 0x00,
  0x00, 0x00, 0x24, 0xf4, 0x00, 0x24, 0xf4, 0x00, 0x00, 0x00, 0x00, 0x24, 0xf4, 0x00, 0x24, 0xf4, 0x00, 0x00, 0x00, 0x00,
  0x24, 0xf4, 0x00, 0x24, 0xf4, 0x00, 0x12, 0xa7, 0xe8, 0xca, 0x2c, 0x00, 0x00, 0x00, 0x00, 0x00, 0x00, 0x00, 0x00, 0xab,
  0x99, 0x08, 0x6c, 0xc6, 0x90, 0x33, 0x19, 0x0a, 0x00, 0x00, 0x00, 0x06, 0xfd, 0x17, 0xb0, 0xdd, 0xf7, 0xff, 0x9b, 0xc1,
  0x79, 0xdf, 0x30, 0x00, 0x1d, 0xfa, 0x07, 0x96, 0x9f, 0xed, 0xe9, 0xd4, 0xb9, 0xe6, 0x94, 0xef, 0x83, 0x09, 0xfa, 0x17,
  0xa4, 0xe4, 0xaa, 0xbc, 0x95, 0x6b, 0x70, 0x1a, 0x00, 0x00, 0x00, 0xaa, 0x97, 0x05, 0x2a, 0xe5, 0x4c, 0x00, 0x00, 0x00,
  0x00, 0x00, 0x00, 0x00, 0x12, 0xad, 0xf0, 0xdf, 0x63, 0x00, 0x00, 0x00, 0x00, 0x00, 0x00, 0x00, 0x83, 0xe4, 0xe4, 0xe4,
  0xe4, 0xe4, 0x87, 0x83, 0xe4, 0xe4, 0xe4, 0xe4, 0xe4, 0xe4, 0xe4, 0xe4, 0xe4, 0x63, 0x00, 0x04, 0x32, 0xa4, 0xb8, 0x35,
  0xf5, 0x87, 0xc5, 0xa0, 0xc6, 0x9a, 0xb1, 0xcd, 0x5c, 0x8f, 0xbb, 0x19, 0x04, 0x00, 0x00, 0x04, 0x00, 0x04, 0x32, 0xa1,
  0x18, 0xba, 0xb8, 0x32, 0x8e, 0x5a, 0xf5, 0x87, 0xcd, 0xae, 0xc5, 0xa0, 0x9e, 0xcd, 0xc6, 0x9a, 0x9e, 0xc2, 0xb1, 0xcd,
  0x8a, 0xf5, 0x5c, 0x8f, 0x34, 0xb7, 0xbb, 0x19, 0xa2, 0x32, 0x04, 0x00, 0x04, 0x00, 0x71, 0xf0, 0x71, 0xed, 0xff, 0xec,
  0xed, 0xff, 0xed, 0x71, 0xf1, 0x71, 0x07, 0xa5, 0x00, 0x07, 0xa2, 0x00, 0x07, 0xa2, 0x0d, 0xcc, 0x00, 0x0d, 0xc8, 0x00,
  0x0d, 0xc8, 0x21, 0xe0, 0x24, 0xf4, 0x24, 0xf4, 0xb5, 0xe2, 0x3c, 0x00, 0xd3, 0x22, 0xbd, 0xf6, 0x63, 0x61, 0xb3, 0x00,
  0x57, 0xe7, 0xa9, 0xab, 0x0d, 0x00, 0x6e, 0x62, 0x25, 0x00, 0x00, 0x00, 0x02, 0x7a, 0x32, 0x8e, 0x39, 0x7e, 0x65, 0xa5,
  0xbc, 0x83, 0xf6, 0xd5, 0x9a, 0xed, 0x3a, 0x53, 0xff, 0x81, 0x54, 0xe5, 0x3b, 0xa5, 0x9d, 0x07, 0x00, 0x24, 0xf4, 0x00,
  0x00, 0x47, 0xf2, 0xff, 0xf0, 0x16, 0x00, 0x24, 0xf4, 0x00, 0x00, 0x00, 0x00, 0x00, 0x06, 0x00, 0x00, 0x02, 0x49, 0xe5,
  0x06, 0x59, 0xe5, 0xb5, 0x32, 0x00, 0xdf, 0xae, 0x5d, 0x00, 0x00, 0xa2, 0xe6, 0x3b, 0x00, 0x00, 0x21, 0xe0, 0x24, 0xf4,
  0x24, 0xf4, 0xb5, 0xe2, 0x3c, 0x00, 0xd3, 0x22, 0xbd, 0xf6, 0x63, 0x61, 0xb3, 0x00, 0x57, 0xe7, 0xa9, 0xab, 0x0d, 0x00,
  0x6e, 0x62, 0x25, 0x00, 0x00, 0x00, 0x02, 0x7a, 0x32, 0x8e, 0x39, 0x7e, 0x65, 0xa5, 0xbc, 0x83, 0xf6, 0xd5, 0x9a, 0xed,
  0x3a, 0x53, 0xff, 0x81, 0x54, 0xe5, 0x3b, 0xa5, 0x9d, 0x07, 0x00, 0x24, 0xf4, 0x00, 0x00, 0x47, 0xf2, 0xff, 0xf0, 0x16,
  0x00, 0x24, 0xf4, 0x00, 0x00, 0x00, 0x00, 0x00, 0x06, 0x00, 0x00, 0x02, 0x49, 0xe5, 0x06, 0x59, 0xe5, 0xb5, 0x32, 0x00,
  0xdf, 0xae, 0x5d, 0x00, 0x00, 0xa2, 0xe6, 0x3b, 0x00, 0x00, 0x21, 0xe0, 0x24, 0xf4, 0x24, 0xf4, 0xb5, 0xe2, 0x3c, 0x00,
  0xd3, 0x22, 0xbd, 0xf6, 0x63, 0x61, 0xb3, 0x00, 0x57, 0xe7, 0xa9, 0xab, 0x0d, 0x00, 0x6e, 0x62, 0x25, 0x00, 0x00, 0x00,
  0x02, 0x7a, 0x32, 0x8e, 0x39, 0x7e, 0x65, 0xa5, 0xbc, 0x83, 0xf6, 0xd5, 0x9a, 0xed, 0x3a, 0x53, 0xff, 0x81, 0x54, 0xe5,
  0x3b, 0xa5, 0x9d, 0x07, 0x00, 0x24, 0xf4, 0x00, 0x00, 0x47, 0xf2, 0xff, 0xf0, 0x16, 0x00, 0x24, 0xf4, 0x00, 0x00, 0x00,
  0x00, 0x00, 0x06, 0x00, 0x00, 0x02, 0x49, 0xe5, 0x06, 0x59, 0xe5, 0xb5, 0x32, 0x00, 0xdf, 0xae, 0x5d, 0x00, 0x00, 0xa2,
  0xe6, 0x3b, 0x00, 0x00, 0x04, 0xb9, 0xe7, 0x43, 0x00, 0x3d, 0xdb, 0x14, 0xfb, 0x5f, 0x65, 0x2e, 0xcf, 0x85, 0x00, 0x59,
  0xd1, 0xed, 0xd7, 0x78, 0x03, 0x10, 0xa1, 0xe7, 0xd0, 0x4f, 0x00, 0x9e, 0x76, 0x05, 0x27, 0xd1, 0x33, 0xea, 0xf2, 0xe3,
  0xbc, 0x99, 0xa2, 0x07, 0x01, 0x13, 0x2c, 0x5b, 0x80, 0x00, 0x00, 0x00, 0x00, 0x00, 0x01, 0x07, 0x00, 0x00, 0x1b, 0xaf,
  0xe8, 0xce, 0x6f, 0xf4, 0x00, 0x00, 0xc0, 0x63, 0x04, 0x29, 0xd4, 0xf4, 0x00, 0x0e, 0xfe, 0xf2, 0xe1, 0xba, 0x97, 0xf4,
  0x00, 0x02, 0x05, 0x01, 0x14, 0x2b, 0x56, 0x98, 0x01, 0x0e, 0x9d, 0xe6, 0xdb, 0xbd, 0xe7, 0x49, 0x9c, 0x7d, 0x07, 0x1f,
  0xc3, 0xf0, 0x4c, 0xe9, 0xf3, 0xe5, 0xc1, 0x8c, 0xb9, 0x00, 0x07, 0x00, 0x12, 0x29, 0x55, 0x92, 0x00, 0x00, 0x00, 0x00,
  0x00, 0x7b, 0x1e, 0x9c, 0x00, 0x00, 0x14, 0x9b, 0xbf, 0xf2, 0x69, 0xf4, 0x00, 0x00, 0xb9, 0x48, 0x00, 0x23, 0xdf, 0xf4,
  0x00, 0x0e, 0xfd, 0xf2, 0xdf, 0xb3, 0xa5, 0xf4, 0x00, 0x02, 0x05, 0x01, 0x14, 0x2b, 0x56, 0x98, 0x01, 0x00, 0x00, 0x00,
  0x00, 0x16, 0x7d, 0x00, 0x00, 0x00, 0x00, 0x5b, 0xcc, 0x00, 0x90, 0xeb, 0xf0, 0xe2, 0x46, 0x14, 0xdf, 0x4c, 0x40, 0x90,
  0x82, 0x00, 0xb5, 0x47, 0x7f, 0xe7, 0xaa, 0x01, 0xa4, 0xeb, 0x78, 0x18, 0xfe, 0x50, 0xe7, 0x01, 0xa6, 0xec, 0x7a, 0x5f,
  0xe9, 0xa0, 0x69, 0xeb, 0xf3, 0x00, 0x24, 0xf4, 0x00, 0x10, 0x72, 0x47, 0xe9, 0x9e, 0x22, 0xec, 0x9b, 0x57, 0xe6, 0x24,
  0xf4, 0x4c, 0xe7, 0xf9, 0x49, 0xef, 0x00, 0x0a, 0xb9, 0xd8, 0x7a, 0x0c, 0xb1
};
